Region,Crop_Species,Water_Requirement,Yield,Shade_Tolerance
Temperate,Cotton,1539.4641167975649,6.072676258877178,0.5071695695027427
Temperate,Peanuts,1858.1205310808284,4.94865107241776,0.6896365446965022
Temperate,Cotton,575.5063988276167,5.290027846705884,0.2599014590493054
Tropical,Wheat,1495.083571725402,4.1049314213504235,0.04783463111276265
Temperate,Sugarcane,1618.6130721059171,5.344770117879711,0.8595583384352237
Coastal,Cotton,1864.1270309965435,6.010117698697319,0.012601335771989852
Mountain,Peanuts,1799.4959260639812,8.508745186809207,0.9639378671399212
Coastal,Corn,219.764002704748,8.149204005540199,0.3950666137437089
Temperate,Peanuts,502.9424094786596,4.266300389324638,0.6166418329665518
Mountain,Wheat,865.1033456615806,1.0715973720098408,0.43298686290473465
Arid,Cotton,690.4476078807772,9.077920454936976,0.943320778652193
Temperate,Wheat,510.4422353931632,7.440365568767745,0.8320122194746773
Coastal,Peanuts,1271.5801720183758,8.10220655846036,0.05532390552349631
Temperate,Wheat,753.6004332779304,1.085747437997656,0.4336034007650831
Mountain,Cotton,630.9551658021444,7.836614428445958,0.026609753995106344
Coastal,Corn,1974.5149876637631,9.576424823165773,0.7573145447913863
Tropical,Barley,219.07286272720413,2.686308870168184,0.1706876509370726
Mountain,Corn,1876.7175289532888,9.299303764532784,0.4527663765177381
Tropical,Corn,1252.1233363431247,6.077297640549957,0.524711247203603
Coastal,Wheat,436.4676985254872,8.862231517507372,0.807193709038628
Tropical,Soybean,1967.5730427954115,6.553150656416951,0.4445829865484482
Coastal,Rice,684.9273335135028,2.436226906693184,0.4475553896278175
Coastal,Sugarcane,876.3933176018326,6.439103529563359,0.9529319109008336
Mountain,Barley,1076.0770999353394,9.73973870814534,0.7450143767044068
Mountain,Barley,1953.9193191347392,3.8015342682663027,0.9158409637240003
Arid,Cotton,599.9078433046827,7.364759296630439,0.17700351767585976
Coastal,Peanuts,658.5843355781226,8.90350953280954,0.41709560908175547
Coastal,Cotton,207.40598284558146,7.476569033899589,0.8209799148498915
Temperate,Wheat,1002.283031106913,9.237645932956003,0.8867429485415934
Mountain,Rice,1062.157883205356,8.440381215494753,0.8986621745127803
Arid,Peanuts,1060.4670143377716,2.0979025308717825,0.8026220469282076
Tropical,Wheat,303.09605303311105,9.67831380471317,0.526122082037744
Coastal,Wheat,1577.667877970041,8.774784347444982,0.4412517695782099
Mountain,Barley,800.6586645241774,5.091351250441232,0.06224068766366164
Coastal,Soybean,644.8077687562113,2.4823004222924556,0.004852028158834787
Arid,Cotton,1220.8133975032074,3.101574353361885,0.8600422984351933
Coastal,Peanuts,355.5551307410387,3.842765668463689,0.9180341190756307
Temperate,Cotton,1872.23872159877,5.856851054973851,0.07447234977567374
Arid,Corn,993.955361773096,3.4033995979409655,0.7737623814565702
Temperate,Wheat,1586.0219796417487,9.707141450763636,0.3652860247579105
Coastal,Corn,1163.6832587533313,3.988825985580782,0.17843299884116715
Tropical,Soybean,959.788773339973,2.6212720402229603,0.04183685226273437
Tropical,Peanuts,1248.919528425535,8.956318447954636,0.35900330720918605
Temperate,Corn,1398.198806461676,1.1829470659223817,0.41036763211568317
Coastal,Corn,492.90882741049114,9.891133701821635,0.17542695122609864
Mountain,Peanuts,973.9900754993714,4.1487612475592215,0.6977639661762048
Temperate,Cotton,739.1471314090661,1.5226302194889396,0.9427394565157676
Coastal,Wheat,1964.2202462077619,9.303660534801802,0.40166595210244194
Mountain,Wheat,332.93481332087043,8.227570574902604,0.37093066328790836
Temperate,Corn,594.6132591277192,8.091593490717147,0.06512673350088682
Coastal,Soybean,1150.8683155993826,9.36478204758923,0.2200516030622286
Temperate,Cotton,1148.3427507189588,3.873714578480955,0.3155704009528537
Tropical,Rice,1586.200796908477,8.798053828801443,0.35951755589764833
Mountain,Barley,1507.7414435171045,6.880913570010563,0.18021874393199389
Mountain,Peanuts,358.9359645286944,4.878742961281596,0.6801323366270237
Arid,Cotton,367.22356487017385,7.062632865128291,0.93770488495688
Mountain,Soybean,1843.042234994991,3.179065738666508,0.5814381707870226
Coastal,Barley,622.0108505889192,8.063996738649964,0.3255065737995051
Arid,Wheat,1293.894348349943,2.522002429581349,0.9624153201659508
Coastal,Wheat,219.5699556738981,5.130354222854955,0.8441961354080186
Coastal,Peanuts,1623.3362057310949,9.385427759017873,0.8917384868883292
Arid,Peanuts,248.38189657962715,6.383185621341796,0.29622439954760715
Arid,Soybean,588.0978824469113,3.826825608864322,0.986182264005197
Coastal,Peanuts,1822.5691820929087,9.101590585143422,0.018749507175182534
Tropical,Barley,1785.2742597960223,7.741358955329341,0.3328853627635837
Tropical,Wheat,1078.8277450708215,2.3757388561273673,0.24800956032969534
Temperate,Soybean,1504.7596538643313,8.598084641720755,0.5486977345484484
Tropical,Sugarcane,1861.4787091550422,9.794439313943151,0.7124245752723277
Tropical,Barley,1578.1559120700174,3.6789317660737666,0.7987208888966467
Coastal,Soybean,726.8735656417684,4.7321880410913035,0.3577250687793422
Arid,Wheat,645.9885782550234,1.8679174261636025,0.6486552007496458
Coastal,Wheat,1805.1413705165023,8.272855809899049,0.3918650472674091
Mountain,Rice,1813.3069682464381,2.2991249907772033,0.22153109976277685
Mountain,Corn,528.862600307825,7.77383769364746,0.09691003501855477
Coastal,Cotton,847.1192171465835,4.239306267776572,0.9015747840882553
Tropical,Wheat,273.728371583689,3.3327201660759975,0.8878765659994332
Tropical,Sugarcane,1530.0898942375459,8.369991637470141,0.3228435267170926
Tropical,Peanuts,285.7346325427029,3.488769233528718,0.6232645117941453
Coastal,Sugarcane,1652.0875168628547,1.2857642145264103,0.6110132725778933
Mountain,Corn,1551.5250132167007,6.4172727781472965,0.8190206423607087
Coastal,Cotton,1734.2918912366154,3.2825039712845605,0.45542432409198574
Arid,Cotton,1518.791758980382,7.786579557148628,0.41243664574604844
Coastal,Wheat,777.6817475884017,1.3976922259484619,0.31809808230603986
Arid,Rice,1017.8740299287183,5.673251368672659,0.2280357077737113
Coastal,Barley,1277.9387181532143,4.430139508571543,0.5802973663074642
Mountain,Soybean,1625.7259586130997,8.857088398422784,0.2188805998498562
Arid,Peanuts,1691.1208489589044,8.25404111234771,0.34168123324732025
Arid,Soybean,827.0675449898717,7.529562555917374,0.09983960773754086
Mountain,Soybean,1892.524588009562,5.882146648839671,0.5629617020503227
Coastal,Wheat,404.91765307367547,6.082577799494546,0.15004421682593216
Coastal,Sugarcane,589.422364352582,8.555332549261475,0.733461533865562
Mountain,Sugarcane,461.6465997089406,8.13855127353008,0.1023722423875345
Arid,Peanuts,1895.826093727491,3.7462195695904796,0.48249047609175233
Arid,Peanuts,1772.4188604224908,1.8014513153587477,0.6885836001802221
Temperate,Peanuts,328.85574907078365,4.8588967186321455,0.02218101088995017
Mountain,Wheat,1725.2884698717319,8.700267186021385,0.8647306033422247
Temperate,Barley,259.4196916782846,2.2625762815997663,0.30929693408934544
Temperate,Corn,631.6678749426661,1.098615747476714,0.535868715127675
Mountain,Soybean,273.73878372129855,9.433086414056206,0.8857257998346523
Mountain,Barley,1247.5889774294462,1.3527068589617581,0.9592880953281554
Mountain,Cotton,1760.4707045364746,5.566510829455263,0.5843870760064662
Coastal,Rice,381.350368914481,7.808946337643323,0.5649932005675987
Tropical,Sugarcane,1844.7915053649688,4.379021139286972,0.7723082163813939
Mountain,Peanuts,340.1688491332843,5.456534770639106,0.7556087156592216
Temperate,Barley,1986.111555121577,5.888932371192259,0.7572529309982352
Tropical,Wheat,1962.728118727275,5.036888027650482,0.354458066056502
Coastal,Barley,944.1546605584037,3.769772998859153,0.3247898137342363
Tropical,Peanuts,1167.6389187512525,2.211700510527507,0.833993138701894
Mountain,Corn,723.2141005989931,2.082611984118955,0.07513420892160805
Mountain,Soybean,1871.4529708199625,8.993362305009372,0.3547090568890454
Coastal,Soybean,632.6201205869187,3.7035565097512366,0.25226042564771567
Arid,Corn,326.31213374789274,3.531974188527317,0.4987025500139912
Tropical,Cotton,777.3658342930287,7.274153952098412,0.5621222343797975
Coastal,Cotton,1891.35047301876,5.473843368515157,0.7380212848857869
Tropical,Corn,1187.8238983109281,7.906688644753366,0.5600104092496311
Coastal,Cotton,749.4308987842497,4.0829269629650975,0.6270452745063425
Arid,Barley,1281.7381172047587,3.8677359987644255,0.06490659659387621
Tropical,Sugarcane,982.6308865101172,3.7531941347650877,0.03250365691276169
Coastal,Soybean,822.0207949260862,7.806538790147502,0.5981911863337411
Temperate,Rice,1986.5343115242672,9.549130394150774,0.8084746874826808
Coastal,Sugarcane,1457.060314411436,7.15673252294146,0.49132903847465326
Mountain,Peanuts,1538.0516836163258,7.016392733448285,0.30924892399193216
Coastal,Sugarcane,201.30200612863553,3.7269157694387327,0.8128181878099491
Temperate,Sugarcane,660.2898997315287,4.5784760268387945,0.8394523877028085
Mountain,Corn,1857.1192625224871,9.870152439970438,0.596517569310396
Tropical,Sugarcane,429.69991993490265,2.6504614639396378,0.25669755500677305
Coastal,Sugarcane,281.8812290989828,5.294415246644452,0.7967458280013431
Temperate,Soybean,621.9420872376954,6.805802158255592,0.5104440073510832
Temperate,Corn,1329.1891443318757,2.889879999220792,0.2631241054116368
Temperate,Corn,1413.336755996016,3.3509027062701726,0.6008667261792995
Tropical,Cotton,881.5461781004371,8.455595243818584,0.12801246926178111
Coastal,Soybean,1204.3865070360184,2.3592277570769884,0.16442971825612385
Mountain,Wheat,1035.0210589190951,4.349670008764422,0.034876437669421945
Temperate,Wheat,1513.283439293893,7.832007622756634,0.40929239547235996
Tropical,Sugarcane,1477.359877969208,4.75051769526788,0.25826656492887057
Coastal,Cotton,1394.8074737245238,4.494754161318518,0.8940908003151042
Coastal,Cotton,643.0990851617316,8.129870534871655,0.7191943855572952
Temperate,Wheat,475.28553321297227,4.790768733589671,0.9938991010384189
Temperate,Wheat,1809.2609318801456,8.517625056472962,0.47634975930002343
Temperate,Soybean,348.7978143010182,7.2491151987715465,0.753944784305314
Arid,Soybean,861.453400628015,9.454105027569963,0.5986552011035631
Coastal,Soybean,288.24843384137284,8.116925859582778,0.12232680655185879
Mountain,Sugarcane,1788.6208788535916,8.559612885741686,0.6290190609744964
Temperate,Cotton,683.3859707235233,1.369145798348082,0.24488506258406162
Tropical,Cotton,1757.1170570732938,8.732354621850114,0.6685592692275195
Tropical,Peanuts,276.24108472789396,7.022641903561961,0.10196276357148315
Coastal,Sugarcane,1616.0207030531167,6.090888836922492,0.8027627686823623
Temperate,Soybean,1037.7883003083884,6.618458266636552,0.12562441276011105
Arid,Sugarcane,1617.77079801266,7.152745524773804,0.6332716498259973
Arid,Peanuts,1579.396780842349,7.588719203154016,0.4321319606144336
Mountain,Soybean,784.8855743780607,6.694160345076591,0.8360562394691108
Temperate,Sugarcane,905.0303586704619,3.0742666898356843,0.9251697730616905
Mountain,Peanuts,618.535301301761,6.1815383830512625,0.5267828434332301
Arid,Soybean,1333.5870830729589,9.871566194346558,0.38031483240251207
Tropical,Cotton,397.5727658680494,5.003109304011127,0.021998595078750016
Arid,Soybean,1493.5838263744,9.34379638702124,0.9637566392441564
Mountain,Soybean,1563.4981422045978,4.946104229157134,0.9823518001233535
Temperate,Corn,759.2851905380815,2.583772787379583,0.31949516148182866
Coastal,Soybean,1314.9568533132795,7.318176322620637,0.9253064134388836
Mountain,Soybean,885.6027241998454,3.484733477104039,0.45363830663780613
Arid,Soybean,1475.9870474613385,6.304129676793336,0.6457738230457539
Temperate,Peanuts,1420.8388502117318,6.497120774521707,0.8444147335763326
Mountain,Barley,1329.7829484615443,1.1155070436584797,0.27946148574018737
Tropical,Peanuts,1253.9737856370734,4.6352046185397136,0.5447651272289545
Tropical,Corn,1285.7455032692917,9.186653980189591,0.24766318404293064
Mountain,Soybean,752.6435970773531,2.168086638570364,0.6117568364194886
Arid,Rice,957.2203302486963,9.838687474396954,0.5159906960053321
Arid,Rice,210.02194737571918,3.9812853437067846,0.39748726026215775
Temperate,Rice,703.3437290513302,4.875066217004299,0.825257035921078
Coastal,Corn,1680.7180387777412,2.118330002478106,0.3069626397999534
Coastal,Peanuts,1621.0449282826153,2.3220710545161163,0.3851340629565019
Tropical,Soybean,394.98017049820993,4.067570205600997,0.7880974630884315
Mountain,Wheat,609.0411403020862,7.616618852989701,0.6483960458370689
Tropical,Corn,1631.8018044885398,8.303581558275718,0.9990721818008738
Tropical,Sugarcane,1104.0508344697168,7.529969911359284,0.9111027638556654
Tropical,Rice,1501.744155170086,6.027237706890441,0.5716510399082395
Temperate,Rice,1401.7919317067997,9.524975882604151,0.12181337377609669
Arid,Cotton,1773.38009355722,7.1818918670050484,0.06641534085147249
Arid,Soybean,1745.515841865403,1.3184423374886634,0.9137473322572133
Coastal,Barley,477.54702194595455,2.8229391385514124,0.7942857808012813
Arid,Cotton,1231.2448573427084,5.89726801030354,0.5513398353579568
Mountain,Peanuts,660.0731273439902,5.430899246141797,0.9940378654905373
Temperate,Wheat,359.0605583966716,9.400959730654272,0.0019453194699182719
Arid,Soybean,1817.306679790753,2.398293582436761,0.5477882621555472
Tropical,Peanuts,764.8865874744162,9.946436531479108,0.5085912500963877
Coastal,Soybean,376.133255637017,7.900812888739659,0.1468071141373789
Coastal,Wheat,849.6855335803543,8.327566869982867,0.3423295619440295
Coastal,Barley,980.7902302547541,5.43238376778215,0.491152491038388
Arid,Barley,1295.220275544914,9.016671213863315,0.05616905746941658
Tropical,Soybean,211.71939127287095,6.404313041641169,0.4818271008882692
Arid,Barley,1745.590954617514,5.6889053757900605,0.42920362367869425
Arid,Soybean,981.4119940205014,7.101851012056232,0.9775512085347305
Arid,Corn,261.5760365491047,5.631061530308345,0.026184264275555424
Mountain,Cotton,1830.4116001947752,8.985507334280413,0.15534067182228706
Temperate,Cotton,674.1808562580893,9.837266830522863,0.8529707001644639
Tropical,Peanuts,702.193041397717,3.7985744559452184,0.6010688470665212
Coastal,Soybean,1644.3695135876337,3.2680715349185028,0.06898858787575646
Temperate,Barley,1264.7776001727245,9.55988345084289,0.014794573165783254
Temperate,Rice,1031.0284100756005,4.249433612523035,0.7494066397476536
Arid,Barley,1472.2005995598458,3.895686816554847,0.6369791968511223
Mountain,Peanuts,399.38333308805954,3.485408821961216,0.40534598775796327
Coastal,Rice,1991.9301781290746,2.155805011278778,0.8120095666205707
Temperate,Barley,1922.8364663902341,2.8605261381462257,0.48872630493118585
Coastal,Rice,980.6429757481501,4.0584535679541505,0.39409228115776085
Mountain,Rice,1159.4310396222145,8.181635790565231,0.27190963136412527
Coastal,Barley,1223.5872849282093,1.8190911907414877,0.26035129170726845
Mountain,Sugarcane,1734.1861750538824,7.1660171100058205,0.9469139406432069
Coastal,Corn,1157.6423634479484,8.379124679775884,0.18385144381396346
Mountain,Peanuts,868.4515636115852,5.371587951589249,0.23704403291043863
Temperate,Peanuts,935.0362885535685,1.8321290550594789,0.9096945215433616
Arid,Rice,1740.8592893288267,9.016950256996733,0.029103554492123984
Mountain,Cotton,380.8357789888055,5.63965638047605,0.31475883530702375
Temperate,Peanuts,1832.1600059692298,3.7692082203930912,0.5098419694370174
Temperate,Wheat,1442.4946556293532,8.096714013444023,0.6509913723854288
Coastal,Wheat,1277.3801901436645,7.4630161856342525,0.5332891101964594
Mountain,Sugarcane,1309.908173948464,9.828914792229003,0.02245146741008308
Temperate,Rice,821.4423918889502,8.35595539222718,0.311843138427062
Temperate,Peanuts,301.4280940682302,9.663046227776311,0.5815165490391345
Temperate,Sugarcane,487.722089400291,7.318502559250759,0.06756294481323233
Temperate,Corn,1324.7247467058962,7.291493066368259,0.850167258662402
Coastal,Barley,361.41037310562086,6.097516814178837,0.8623183408042973
Temperate,Sugarcane,816.8667395357448,6.618433505993881,0.861236630820798
Mountain,Cotton,1279.3637311526347,9.836487891344923,0.8122279304336122
Temperate,Barley,753.1524895294541,5.980093625769156,0.42555228493081043
Temperate,Soybean,1400.3861721789913,9.690200745740917,0.7844054669224122
Temperate,Corn,1742.7207957929804,2.1399795567501414,0.22463102923307843
Temperate,Wheat,1161.120771760006,2.7093287318930477,0.4420099837648773
Coastal,Peanuts,1060.1232241518237,9.590702496216943,0.8724306159855292
Coastal,Corn,1792.2934170783224,7.942605402395436,0.7625197214923597
Tropical,Barley,1939.5890961016182,9.003021825336775,0.6537950994634486
Arid,Sugarcane,927.8637620154677,1.2780557922463136,0.029542197386786095
Temperate,Peanuts,1928.7504218572296,2.603106186358904,0.09967120096017823
Arid,Soybean,1185.8026877281195,7.220334216284733,0.4494532897032488
Tropical,Soybean,1838.9250055110283,1.2398722952801378,0.3255469765164746
Temperate,Soybean,706.6957056518495,3.296455886096025,0.033784785125273165
Arid,Peanuts,391.4746697020664,8.585065426505496,0.47495180673151816
Mountain,Sugarcane,750.9404578543938,7.091974267026417,0.4136946931393992
Temperate,Wheat,1870.3595430002042,3.3026870005518405,0.7951496703123724
Coastal,Corn,637.428526832588,7.268019636113635,0.2758292559274522
Arid,Cotton,1112.1450673624329,3.359795232216114,0.49435066049598
Tropical,Cotton,1457.110663411262,9.439656176216669,0.42341061734409347
Tropical,Soybean,1069.339213020453,8.506024800459631,0.337087431012423
Coastal,Soybean,1328.8503810447223,9.316424771252489,0.43446880312013825
Temperate,Peanuts,1403.583201272129,5.742393290528156,0.3986986141405613
Coastal,Rice,1911.855478162693,5.764727876343107,0.4093298182582009
Tropical,Sugarcane,1252.8800257142113,8.196056652626194,0.7906189864011807
Tropical,Cotton,1455.3580108349834,9.452724948021183,0.4438789683039741
Mountain,Corn,497.93434536362247,7.412982856755075,0.20103971125917564
Coastal,Soybean,1392.792320089574,5.676583480798999,0.9457821135746478
Temperate,Barley,1648.9177490038373,8.840815855079832,0.38820682998805356
Coastal,Corn,313.69788917364497,1.8792464666826612,0.2021893576330357
Tropical,Barley,409.285428475569,6.376792735971724,0.900003000014587
Mountain,Soybean,952.137359675892,6.123246159032044,0.93952555215541
Arid,Corn,627.1262549418151,2.1706187249296667,0.5355895017646889
Coastal,Peanuts,1285.7394405002208,8.634587008146251,0.007190590529292162
Mountain,Corn,1644.1876777477507,7.903184576460484,0.36475117200379437
Temperate,Cotton,298.9748766537511,5.1969813317838,0.6610088740451022
Arid,Corn,1171.9962332964055,4.332252061665367,0.48428826281047754
Coastal,Rice,336.7511387044799,2.143546009072773,0.18254556944882183
Arid,Sugarcane,381.0812416832616,3.4414018708619434,0.5576239631578971
Tropical,Cotton,1884.6819380990555,4.834258208447876,0.6384910574985563
Mountain,Barley,1002.2139954242153,4.341906597801263,0.2516117726187257
Mountain,Cotton,1100.1051327707314,7.801349591628901,0.18046223242613135
Arid,Corn,234.62495363287508,2.7210395225294857,0.7204069294803418
Arid,Wheat,1408.7530392306512,1.389315898448636,0.3345944881444931
Coastal,Rice,704.2606895134163,3.291272264997573,0.8815059935890792
Coastal,Soybean,522.2581137760852,8.987190176018483,0.15382628139981624
Coastal,Soybean,1887.3778733364986,8.121906945561173,0.3805587810593528
Tropical,Wheat,1342.6622454721316,2.23477201433338,0.1419631536874284
Coastal,Sugarcane,289.27382058499404,3.8980460368761998,0.2469292377513267
Arid,Cotton,1320.1947922591332,4.70459101642118,0.256804919658834
Coastal,Soybean,1910.2961292402929,5.618110946959941,0.26995493675769944
Arid,Rice,1279.7237801566052,8.402168858567032,0.21780610440381465
Mountain,Corn,1370.3361450720054,2.550552382420698,0.14367448444970166
Mountain,Soybean,891.855059916579,9.872420107052454,0.11410542664058698
Mountain,Cotton,1489.7075617030318,5.46453990193374,0.6390153049357716
Arid,Wheat,1180.3731856807372,9.721872714564116,0.3346590826608389
Arid,Barley,1809.472349706482,6.784003980139284,0.5323222914379516
Arid,Rice,715.6265895683616,9.232411614314453,0.5666662516503658
Tropical,Cotton,566.3096804606057,5.889504870850196,0.2141131397067353
Arid,Sugarcane,1769.0714392877744,1.9102288306167896,0.37957841315933927
Mountain,Soybean,1263.179727368141,6.052752859433391,0.02250202332360629
Tropical,Sugarcane,1727.2551418975027,8.64414453655008,0.6500231978222389
Coastal,Corn,1621.4961807957213,3.9768211343598825,0.9981809535686766
Coastal,Corn,757.4933668580136,5.669532575929532,0.010183048225916091
Mountain,Barley,1727.6674955260607,5.825718305597787,0.17811053933533816
Tropical,Rice,1076.0350794611038,7.018603289500663,0.15297685542405715
Temperate,Wheat,732.0170107099509,9.012711264576673,0.30028866989842173
Arid,Barley,867.3092653536401,8.370751044813915,0.4782408584979938
Temperate,Cotton,350.328359617518,8.391581943628161,0.3699015922792679
Arid,Wheat,1935.4002591721744,7.428449265648588,0.4347971616802102
Temperate,Sugarcane,982.6847973987666,6.035313831191429,0.27302794718666956
Coastal,Barley,661.944217391625,4.304201424007434,0.02027843397601925
Tropical,Barley,1461.3506223257805,5.222475175443382,0.04525925047223012
Tropical,Peanuts,1982.495233079075,3.665303987216584,0.33508455864717823
Mountain,Corn,708.9214641828197,2.133175359585251,0.9535380129589772
Temperate,Cotton,403.84137723659785,6.000913833150706,0.1676070658783626
Coastal,Soybean,1662.4103946188493,2.530406333151743,0.38978337018237796
Coastal,Rice,1123.1095598996342,2.178383911158697,0.1319383095227371
Coastal,Barley,1979.55077456627,7.631506944225193,0.48504107946949193
Temperate,Cotton,342.9879075419575,2.3249974109179736,0.8338094215426199
Coastal,Corn,1865.0143718696254,3.6447574087005723,0.7990633144547884
Coastal,Cotton,627.3293560104739,7.087065545480763,0.008421740777906805
Arid,Wheat,443.5338634412658,7.896635115470367,0.3577262607834313
Coastal,Barley,1511.0860978906417,7.200417739522137,0.5300476506364784
Arid,Corn,511.8175419161082,9.336003727286968,0.27289839282576767
Mountain,Corn,212.28055182597024,3.8118258546670747,0.37182578897622953
Arid,Soybean,1344.3876001049196,2.791319630321568,0.7329752044819505
Arid,Sugarcane,1146.1885854887507,3.3815084594844182,0.9080360367979479
Mountain,Soybean,868.3782507763307,5.091737255907409,0.14699901049494546
Temperate,Soybean,1771.8597900838608,6.383795654944772,0.7490393804408528
Mountain,Wheat,818.4422804330098,3.1451819331240185,0.8501435363375847
Temperate,Corn,1466.1951925224462,7.623013735871848,0.21635655053336778
Temperate,Barley,784.7970023930741,8.204773458890743,0.4494999232177116
Temperate,Sugarcane,1307.6873420805732,6.0388908580224765,0.6297131464632132
Temperate,Wheat,641.8208353792697,6.106362468739601,0.5869958380560463
Temperate,Sugarcane,1004.4565641086466,2.512026693133482,0.1663428303766905
Temperate,Sugarcane,1030.4262808101048,1.110636641967976,0.503077403529166
Temperate,Peanuts,531.9509309483994,8.807503540170607,0.2918454847400541
Tropical,Cotton,1565.47442516108,3.9358065095648627,0.11571989862715282
Coastal,Sugarcane,1210.1925681470566,2.352860230175149,0.3550625010481797
Coastal,Rice,621.3609390340976,2.145027994091791,0.1045240498082769
Coastal,Soybean,756.4119536027692,7.726753487952612,0.1865603215150634
Coastal,Corn,1745.6058983771609,6.761643696557128,0.17912985121578662
Mountain,Peanuts,1345.9901642484588,4.354506931973505,0.19726569626444923
Tropical,Peanuts,419.17279532802684,3.5812852875827375,0.2650033873305645
Tropical,Sugarcane,1578.0136817945634,6.93478673261975,0.6733975592282545
Coastal,Sugarcane,1965.803778699749,2.2461109529195364,0.9903502015974889
Tropical,Sugarcane,644.6944682211245,2.623360631190923,0.29258065480529294
Arid,Barley,1414.6725933644743,3.050149542003265,0.03462584512217859
Coastal,Wheat,406.8615007765837,1.2214113974488383,0.292232450860475
Coastal,Peanuts,644.8035942524604,7.677394562923567,0.7818657578321807
Coastal,Peanuts,1128.0618011535198,3.3735404506573814,0.6782025603240138
Temperate,Corn,1433.2322771435777,8.102139572932831,0.5464631810753582
Temperate,Peanuts,1647.8647490781038,4.605774331238947,0.20901377087457895
Tropical,Corn,720.0944127692302,5.594863237049842,0.2719259856802292
Arid,Peanuts,714.1826077706874,2.7671914769279224,0.5491765160987279
Arid,Wheat,1134.1262681296648,7.614875048697772,0.5250947379595398
Arid,Barley,521.1082327654335,4.392250046931885,0.41128835402364416
Arid,Rice,1787.7037655071406,6.918121534355192,0.6966095151684815
Mountain,Peanuts,300.7953778224214,9.210639467054916,0.7690154143084407
Temperate,Rice,744.9091132977586,3.6150668585998593,0.6112623397772508
Mountain,Peanuts,1684.3048926047104,2.152061853598787,0.3318863624419047
Mountain,Barley,1751.8824964107785,8.41894539832661,0.615844302231735
Temperate,Peanuts,1458.4441145632202,1.121244312478654,0.19980532393021055
Arid,Peanuts,470.8809958437087,6.072334576413181,0.15614365465068336
Mountain,Soybean,328.2742643912581,7.917201933742233,0.4406616460976086
Arid,Peanuts,723.7351822000918,7.1838342944759,0.3056321418389498
Coastal,Peanuts,1670.7188502839472,8.439633948476526,0.3489569908525715
Temperate,Cotton,1625.3535487748027,4.125808720333973,0.7544534153831558
Arid,Corn,1822.7968868066323,8.220735756143165,0.4100997259734892
Mountain,Peanuts,1979.397794096079,5.099077561863538,0.6988569128899359
Coastal,Barley,842.5436982398697,4.760387408014317,0.2423891423724951
Coastal,Sugarcane,1700.9242778429937,7.262505380935758,0.1880336402546815
Tropical,Rice,1404.1236897666768,9.672808382792393,0.9600796385928316
Arid,Cotton,1961.8067164680147,8.775389651696518,0.9728810610348639
Coastal,Wheat,1231.6342807635144,8.319722798664728,0.22772729617096532
Mountain,Barley,1359.048247377598,5.507243826665093,0.4012783727270107
Arid,Rice,634.7259545193976,7.667635719409687,0.663782837560769
Arid,Peanuts,1534.0171595313293,4.07425983193441,0.4349070756223359
Temperate,Soybean,1306.0906988583233,9.40765408988692,0.1225087951074686
Arid,Wheat,894.1037114898901,8.563742578964376,0.20742531319243063
Coastal,Barley,1708.5762768914442,6.116714859656266,0.21249526399051255
Temperate,Wheat,1160.1712097280665,3.0288539477172494,0.4004234458612873
Arid,Soybean,1335.5143804370282,9.748584311020174,0.12458188608063403
Arid,Soybean,1788.9796706227073,3.336076786092775,0.37207642052713774
Arid,Wheat,929.6045428261233,1.7463577911782888,0.8194324855436853
Arid,Rice,1454.2456852363468,9.642536490523312,0.584721304274047
Temperate,Sugarcane,1592.5425585584903,2.445620290434105,0.6523379934416966
Coastal,Soybean,983.8077148231864,2.196123814025007,0.024412685129892808
Mountain,Soybean,1774.7085590689605,3.7097238351992354,0.7791804705411893
Temperate,Soybean,1894.5123187302443,3.5392347831398396,0.37778445416814077
Temperate,Barley,1799.314992594845,9.544558585370861,0.05284232013058565
Tropical,Barley,674.5249532421574,1.9934657873857302,0.3315614971943144
Arid,Sugarcane,802.5425329719661,7.307307239748072,0.1807003620133738
Arid,Peanuts,796.9996650870427,8.476348738872517,0.9421171640696099
Mountain,Rice,344.558797576782,4.939430531512578,0.35303300090625955
Arid,Peanuts,342.05684070812447,4.800238379686802,0.9047298300461315
Temperate,Rice,545.2277768984773,5.245193936343536,0.43522301074784175
Coastal,Peanuts,878.7523579257404,8.657424192624946,0.10494210034834994
Coastal,Rice,816.688837972426,8.120661500030328,0.5231629876733043
Mountain,Soybean,1471.2135611223705,3.6988490462405705,0.47038334731599374
Coastal,Soybean,608.256956714422,4.806518215971184,0.2958346696142563
Arid,Soybean,518.1371470644199,9.31802361413662,0.5882312631412706
Arid,Sugarcane,881.2497138684331,6.003249284051536,0.7229994661276513
Tropical,Cotton,296.6539954464512,2.2333800407118964,0.09410656582912935
Mountain,Rice,873.5104895859037,1.2502660712114952,0.3629600437442213
Tropical,Peanuts,537.6018793088679,4.207037246637363,0.4980559497712732
Temperate,Corn,1907.9657341627353,3.6944026354369552,0.06756430400600322
Temperate,Barley,791.4615628975089,4.445570246188673,0.7377102860886806
Coastal,Corn,1538.184303320367,2.3104745960875883,0.5621127500289507
Tropical,Barley,576.5590076652677,9.407343080120011,0.4180019278979926
Coastal,Peanuts,1832.1507868728106,1.0654032761749392,0.4814426415379913
Arid,Rice,1147.7474303425156,3.880298301741216,0.7339254353048241
Mountain,Wheat,993.070435842004,6.203402521426338,0.20957979611964284
Arid,Wheat,1289.2020699818718,9.607644021874734,0.6206494373012184
Arid,Peanuts,1314.4972235499458,6.6852173413885385,0.01310600882813695
Temperate,Sugarcane,1645.9971625590003,6.272855278460237,0.0799541333321474
Arid,Corn,558.48136489885,1.7069638037021304,0.8587592521725022
Coastal,Cotton,1716.6236656547699,7.939590354324097,0.42385473634879356
Mountain,Sugarcane,1471.046707965284,8.2876993640203,0.8519977579141551
Arid,Corn,1283.3673217367987,6.382103320396447,0.7028431352526069
Temperate,Rice,896.2734696585329,7.88460093977669,0.6575331751747402
Tropical,Corn,1685.1121666955412,9.08924860490086,0.6422677427289094
Mountain,Cotton,1120.5776889069011,1.31587851120107,0.26042348532509796
Coastal,Cotton,488.9665545762747,9.512020733319629,0.30954351336222763
Arid,Peanuts,205.99193575856992,5.994433934685414,0.6037355265887014
Arid,Cotton,1735.2937210270784,4.8662221647933634,0.1142623320113032
Temperate,Rice,1702.5994549438649,9.10559941719746,0.1177582453422874
Temperate,Barley,337.4929143500993,7.20377141952436,0.6047990469500463
Temperate,Corn,1397.9159009886039,8.227839942133492,0.5867169904246288
Mountain,Sugarcane,223.63326254366035,2.6029820193092306,0.4324044739658802
Mountain,Cotton,571.1366175402994,7.531562211112578,0.9847166201369729
Temperate,Barley,890.1967699308019,5.637512498745236,0.139520074812983
Tropical,Corn,1757.87860468608,5.337604391966883,0.4819396590517342
Temperate,Soybean,784.1326916089636,1.859951602327331,0.16237202579598375
Mountain,Wheat,1284.6668588915309,1.5296757232200806,0.9951579979751455
Coastal,Peanuts,1775.6369711386299,1.0591881205911124,0.4801734019683265
Tropical,Soybean,726.3096252929731,2.6281108793362864,0.4369196568210163
Arid,Sugarcane,288.45374536390295,5.77812168323684,0.9177287031442181
Tropical,Sugarcane,1950.492629071244,2.312691819549238,0.36854071595637705
Coastal,Barley,895.4195130944177,1.9692018146194483,0.009454160641248821
Temperate,Peanuts,1757.6218187973057,2.389283989037286,0.4807759842487246
Tropical,Soybean,1454.0512902650423,8.229643311532502,0.7459047573463286
Temperate,Cotton,1599.7000550755208,6.536561249896072,0.8342351742107017
Coastal,Barley,1998.9780387124022,4.235276483978738,0.6633918542844974
Mountain,Soybean,1322.3532589199242,2.8696793492438504,0.12252739009515357
Arid,Cotton,1419.5558722839437,3.6564870800735085,0.33750699738440304
Tropical,Peanuts,544.4598125333325,7.281776555342041,0.00886138399884051
Temperate,Rice,1774.02208587258,5.523459570330031,0.3355366994714827
Mountain,Rice,232.55684964333994,2.138359243053565,0.8898534175621303
Coastal,Peanuts,1077.8231959847599,1.5762106840628942,0.399614251528163
Arid,Peanuts,583.5847141402191,1.5862905945464512,0.4988366748345415
Coastal,Rice,1000.9798483735292,7.841494832064061,0.33545057562955427
Arid,Soybean,1057.0747441239641,4.405980335394423,0.9681565348515195
Coastal,Corn,1393.2457556778163,8.973883437265812,0.5204272143108911
Tropical,Peanuts,1093.1017940400993,5.022947225168172,0.9617622948396911
Arid,Corn,1729.8087145420818,6.69981836417591,0.6312055585169766
Arid,Peanuts,769.2939156727296,2.927792347012416,0.4770488993960096
Temperate,Soybean,1826.1600411387449,3.3678996349603865,0.4767715597782263
Mountain,Rice,935.1015107868013,2.8594235052794916,0.1574668131888297
Temperate,Barley,1622.4846726805852,9.325544013344462,0.4203459822209462
Arid,Rice,1465.473376467115,9.145119208009982,0.28133385679462275
Temperate,Sugarcane,987.8050577224692,3.716177773071224,0.1219175914874584
Coastal,Rice,1274.6448350324104,3.359639085088003,0.5996326735024908
Arid,Barley,681.2857679366604,2.132083080463359,0.06309250523703613
Coastal,Sugarcane,1725.137181955179,2.969087558885038,0.3801418282700819
Tropical,Soybean,1577.3991671181168,4.7843697858267085,0.02995955877633505
Arid,Rice,1221.9573571633236,2.473122225123751,0.23670590598225294
Mountain,Barley,1009.8999724896216,2.6587473066614633,0.31675574701045894
Temperate,Wheat,575.5075134589315,1.0216169546027474,0.039854597904561584
Coastal,Corn,1665.3703362630654,1.5112450900846106,0.5374527825129145
Mountain,Wheat,727.3982504064328,6.616693970127174,0.5461739575455776
Tropical,Barley,628.0523514136062,4.0150513783100354,0.2762614533930583
Arid,Cotton,1814.2267946669092,2.264529563954563,0.42750804548584753
Coastal,Cotton,663.2104018072375,7.34594821726044,0.870233017718379
Coastal,Cotton,1094.7773734810494,3.1611565046510615,0.41584931236429123
Coastal,Cotton,555.531277563181,5.295870771998533,0.6233279866807963
Mountain,Soybean,427.5824295280944,4.767640430045784,0.8050376275188248
Mountain,Rice,1140.7881359274957,2.7318454221888615,0.4906430623217677
Coastal,Sugarcane,655.2466231766857,8.376468568365532,0.5498422932169176
Tropical,Rice,760.1748727459287,2.387544263805876,0.6407347090242292
Mountain,Barley,509.0015630781153,7.6635458057409895,0.9373509991179608
Arid,Rice,234.81338026205748,4.6093738144310095,0.5023935472744139
Arid,Barley,786.3434675421781,8.60623396284096,0.345361296505014
Temperate,Barley,1620.976040154917,6.807688042543611,0.34431044018754176
Tropical,Wheat,397.5438112840991,4.084614176166697,0.6471415816988066
Mountain,Rice,934.5669236858649,4.706065255512366,0.6164872953687038
Coastal,Sugarcane,1505.3985891916693,6.3771635931491275,0.630931407139177
Arid,Cotton,1963.8199094610861,3.0343933989276497,0.6539965334940279
Coastal,Corn,1441.0981157860142,8.637372585643147,0.6432181946136113
Arid,Cotton,1810.324906318225,4.487104654861982,0.5714736390986727
Temperate,Wheat,1877.688959445613,5.362426578672611,0.495746094839305
Mountain,Rice,879.6094302438238,4.276300108632604,0.3803532971714938
Tropical,Rice,876.5269067821947,3.5299587367540415,0.8621065504817197
Coastal,Cotton,671.9007959045823,8.003117685055766,0.3620187064643816
Arid,Wheat,1142.395165148584,2.0791781126419435,0.5775541638859741
Mountain,Sugarcane,898.5546355390592,1.5644140998932525,0.7835667579366469
Arid,Soybean,1096.5000431573092,2.1924529672347433,0.5617708259880638
Coastal,Peanuts,1923.7202623995809,1.3540095197522315,0.30586942501204595
Mountain,Soybean,1006.890428412937,8.250558033188646,0.6744797410836356
Coastal,Sugarcane,486.4531049888701,7.196432573853801,0.6302279429958128
Tropical,Cotton,1002.8362992222187,3.120368107470353,0.568456895401619
Temperate,Soybean,1295.4240740833009,6.491860946153781,0.5669665253856925
Temperate,Barley,244.5143321055815,4.144220958605459,0.12535840605710546
Temperate,Peanuts,553.7693463285771,8.61776703436135,0.7592026031744018
Coastal,Corn,709.191351020386,9.086742579339804,0.0535871813670139
Tropical,Sugarcane,354.37683963331864,7.2055351049784555,0.9220558833085246
Mountain,Peanuts,1892.5105482060558,4.288538714380607,0.8092012580439379
Tropical,Peanuts,1405.094158362886,5.609721183794943,0.3004937275855811
Temperate,Barley,475.58243980022405,8.63943071414727,0.9063238843690737
Tropical,Barley,1067.1279000235932,5.258828627254358,0.04851147144321277
Arid,Cotton,569.1680408732661,3.309500122082921,0.7557005557385945
Temperate,Rice,228.2570941153262,6.595133337267933,0.1784905126201206
Coastal,Corn,395.6871308811953,1.8888735208748155,0.7640580347135476
Arid,Rice,1445.825562765808,7.564963223041177,0.8274454137167871
Mountain,Rice,1366.239370671948,3.9386572516299085,0.19657721525875516
Temperate,Barley,598.2051347847193,7.353911798773567,0.14644523648335794
Temperate,Sugarcane,1258.9993588979446,3.785787083683029,0.3967143191347957
Temperate,Soybean,360.5654752750866,9.578974376225634,0.4336655050345781
Arid,Rice,1217.9286787873398,8.885936395310493,0.19645641660627522
Temperate,Wheat,1510.1117723412844,9.997342123708535,0.5223429275100462
Arid,Barley,429.8469464913303,2.4019270218933815,0.1028078338666264
Coastal,Sugarcane,1847.5065972294103,2.065020638842233,0.5811795938383753
Tropical,Peanuts,874.0210377406712,9.968440162394183,0.4844359639987007
Coastal,Rice,681.9544450982416,3.2182169233867923,0.6734583938241956
Coastal,Peanuts,597.0276237550986,9.400339313488551,0.6985446730207955
Coastal,Rice,1713.4034917523593,3.5394304659445406,0.14412699424936037
Coastal,Cotton,868.7022610481466,4.312600088971559,0.8666332505003157
Mountain,Peanuts,998.0469356033677,9.56286691179161,0.39709013622729383
Arid,Wheat,1549.9909197578934,4.852998724614994,0.5976488020795409
Tropical,Barley,1911.9806130207394,3.0051214277451157,0.6301745421930097
Arid,Soybean,595.061281175083,7.953023305622002,0.3677769824088979
Coastal,Peanuts,1655.47777077564,7.8397402942168055,0.28907066848369933
Arid,Barley,645.2555040901161,3.501613308380353,0.5201445234350752
Mountain,Barley,1576.9348835505466,5.772521726377341,0.00239330064763299
Mountain,Peanuts,1569.7573320058402,9.898694538212798,0.2424434885222022
Tropical,Rice,1068.8797506583514,2.2163999508234604,0.762352588679254
Tropical,Soybean,1613.6242317958001,5.925388387073411,0.25572258286245386
Coastal,Cotton,1261.2122662245079,8.716512021253939,0.2115956090639577
Mountain,Peanuts,886.7289867490482,5.627410852571783,0.8964009987765925
Temperate,Corn,1010.4055619027781,5.780793689175595,0.41776947630757044
Coastal,Cotton,979.4159004519704,7.197994351860881,0.9908441441998282
Coastal,Sugarcane,1165.0449552130615,2.488391399478057,0.5133747296986882
Mountain,Wheat,983.5894505557503,1.0779637086428968,0.31285380978054245
Tropical,Wheat,708.0660545122528,2.4794317829034447,0.4478040592604816
Coastal,Rice,270.9315486320215,6.922524728657853,0.7598660230279658
Mountain,Peanuts,764.9783648425308,7.405462380006021,0.5907574660787926
Temperate,Peanuts,1590.7442851931226,3.6708260370567536,0.5069756259200252
Tropical,Corn,570.1410677646099,9.046610242129594,0.154961174175274
Tropical,Cotton,1608.8843637078478,7.327268312367554,0.39496317990071117
Temperate,Soybean,1601.9821189031402,5.046717917011076,0.0726095010934088
Arid,Cotton,1569.5351931774414,7.516628200391211,0.7614668429800765
Arid,Sugarcane,1609.1808569674151,4.756688860027077,0.40627790078843196
Mountain,Soybean,420.1760089123836,4.814969630548213,0.8148865516231657
Mountain,Rice,1510.4167688182395,9.822205238930808,0.6123145887956054
Temperate,Barley,1333.0302348930986,4.6410007052033295,0.5693351712513627
Mountain,Cotton,1688.8178412314014,5.111289905460257,0.4095820171736999
Arid,Corn,1605.7881639032576,9.519472219883522,0.8538640027641853
Tropical,Corn,1966.6966453898885,2.914984303553511,0.7807505183996889
Arid,Corn,1586.7023863326865,3.832359384908797,0.5774043680456251
Arid,Wheat,1043.8606001845387,7.7930330362288425,0.26100320727838855
Tropical,Cotton,264.03852219057325,5.1292797341145455,0.7611423545151966
Temperate,Cotton,1028.4588862295802,4.70381106151226,0.9973714870089011
Arid,Barley,1971.1532655194544,1.0210982036127174,0.5173664894148278
Coastal,Barley,1842.907823701321,8.150843630386586,0.30473846262839377
Arid,Soybean,1397.6337452653554,2.446494637050817,0.11608782327340572
Mountain,Soybean,1630.2759057808141,6.657882757799222,0.54542792873162
Temperate,Peanuts,839.400864106265,5.5417227594545055,0.6828847980390907
Arid,Cotton,307.2516522171775,7.642325158219053,0.9610630028728987
Coastal,Soybean,218.44825944677902,1.6608060777254785,0.7305366934881116
Mountain,Soybean,807.9859107208807,7.092439184604611,0.4645463666398031
Arid,Wheat,1167.6489348500268,5.38911075398639,0.05459311575344716
Tropical,Cotton,1432.6652177774727,5.717896587610599,0.5910928999160969
Tropical,Soybean,1612.8012407771012,1.2969252997613225,0.5350492545210149
Arid,Wheat,494.53582855383206,8.964105803920036,0.7049346390772064
Temperate,Barley,1754.3572897091153,5.820870032714347,0.26943093155164466
Coastal,Soybean,249.82655560356125,3.305561429784869,0.16536655262725264
Temperate,Cotton,1782.3600601769972,3.1663404830746367,0.07728702394550879
Temperate,Cotton,921.7825531929722,3.1541317541990965,0.24161757752128166
Mountain,Peanuts,1971.670025615405,5.514423222887942,0.9842518493449185
Coastal,Wheat,462.9440847965797,3.3736033184868575,0.37064567982580876
Arid,Sugarcane,1666.6900514277645,5.303518770486409,0.8953357126182705
Arid,Sugarcane,1850.116578700501,3.4712714813251555,0.01063568635779677
Arid,Wheat,1325.0515049816818,8.987346562869636,0.5809946584454936
Temperate,Sugarcane,1107.6335625428535,7.86531528492779,0.08456911447049864
Coastal,Cotton,1424.2237713654215,7.88206533231789,0.9133594101372356
Arid,Soybean,747.727669832561,7.924510798171975,0.38292753849030914
Mountain,Barley,1225.6181310708953,9.964369415659196,0.025204734110560567
Arid,Wheat,320.32525737060473,2.912370026743342,0.058267405746477596
Tropical,Corn,1414.575279461623,3.3013698886589324,0.4883698810212377
Tropical,Peanuts,444.6938984394144,8.161469986056224,0.48691673476502906
Temperate,Cotton,1450.6691712468394,8.457364496338426,0.041199672227145046
Temperate,Barley,1614.9557751114924,2.2696921396125767,0.009244795713119536
Mountain,Soybean,1136.56374973839,7.86416260058541,0.6027993760784944
Temperate,Rice,225.4777898335706,6.038259608530838,0.42304450429986795
Mountain,Rice,364.78064138569914,2.8710875115674725,0.3890622772386
Coastal,Peanuts,703.4462826399304,2.7930342405302087,0.9084005112746677
Temperate,Barley,1674.4514963168933,7.5715975405419265,0.8263024315236425
Tropical,Cotton,1852.98305545592,4.482486455799858,0.8753229061227779
Temperate,Peanuts,970.0779515074443,1.5202699244228057,0.9132284897940947
Temperate,Corn,296.3536591882681,3.100048971828524,0.12343314749272494
Coastal,Sugarcane,277.02562850478324,1.9029754622452424,0.6074298418191337
Temperate,Sugarcane,1463.2918020900765,6.097455380116394,0.8493776237929039
Temperate,Barley,1221.1981221872832,5.5314846642073645,0.03884543948290786
Tropical,Sugarcane,1247.0656745578142,6.179801240540377,0.8631981327705676
Coastal,Cotton,1144.8200647265303,9.829976842753206,0.7286779592078633
Coastal,Peanuts,645.9751944183944,3.583708148625519,0.8975824295194069
Coastal,Barley,976.4744950339345,9.049623981048024,0.6365246814756785
Temperate,Cotton,228.06673407291626,1.5414962395238339,0.2584948996526364
Temperate,Barley,479.6475583238127,3.1687302819774206,0.6385970039062415
Arid,Cotton,1193.088515953386,4.488294161963945,0.9687149326207818
Tropical,Soybean,1378.2526102519512,4.147020195736099,0.8284626235569109
Temperate,Soybean,325.85376154005155,2.6880957810062354,0.9628554267032564
Mountain,Wheat,1326.086911230261,5.589493989974251,0.8719124229470638
Coastal,Peanuts,1264.2898073287015,7.9815196884278885,0.3059185759162255
Arid,Wheat,579.9062916270975,4.8528285448446145,0.6936032418580305
Arid,Cotton,1126.338087100617,5.93782830307061,0.3997321418672658
Arid,Corn,373.04521226051656,5.13989228724999,0.8095380076601081
Tropical,Cotton,418.0579841228493,1.756915058858386,0.28425077028986223
Temperate,Corn,939.5221478177463,4.546929580132976,0.0415724739650053
Temperate,Corn,611.541110519636,6.056000611080327,0.579723805295357
Arid,Corn,1381.144735100137,2.8784764265711464,0.154800083698866
Temperate,Peanuts,1139.9038528829446,9.734734334096625,0.960647622625678
Mountain,Wheat,1390.7830397744194,3.248085318320886,0.46359298815083894
Tropical,Rice,766.7120247261546,9.597990442915771,0.6774723758244328
Coastal,Peanuts,1784.3389469946533,2.687504707654252,0.8539444145249895
Arid,Soybean,216.95650624889558,3.0059367513190978,0.906641375241771
Coastal,Peanuts,1696.9452990019759,1.3716912680638909,0.9966866950503246
Mountain,Sugarcane,1030.3247905550807,2.996633048097342,0.20082150030689272
Mountain,Wheat,397.27201955223325,5.374519596446022,0.007083545103472644
Coastal,Peanuts,980.7007656407128,9.946729276427462,0.8691078786134574
Temperate,Cotton,1830.3257420245006,1.6776778321401307,0.10307596414803644
Temperate,Sugarcane,1492.6090983124054,4.8497509316795,0.3376819486531657
Mountain,Soybean,1361.754676647001,1.333759494342922,0.20926104659310463
Coastal,Barley,1036.31346170369,8.330824076411576,0.7291699639772415
Temperate,Wheat,306.5260675759996,6.192807282268008,0.6726501298841565
Tropical,Wheat,916.7459619875859,3.2686981745750443,0.5053182263940473
Coastal,Corn,575.3287535097974,4.150556069272859,0.7464888217834201
Temperate,Corn,1283.1220293569445,4.580126102074729,0.9569408281700452
Coastal,Sugarcane,838.5714979593154,3.1769207937007797,0.27219757310697434
Mountain,Sugarcane,1707.7948468604864,9.196701667664335,0.5999422294118968
Arid,Peanuts,1221.0451071182388,6.552312609564319,0.13972292453018942
Tropical,Rice,1827.8238963054018,7.190549901298672,0.13422887053588817
Tropical,Peanuts,855.5705179268257,3.931698356731592,0.3858073078701718
Mountain,Soybean,245.86334886875957,4.19887119925801,0.8331503177141238
Temperate,Cotton,482.87869202679553,2.1926911692425577,0.416016675537348
Mountain,Rice,916.6179430337125,1.6505553632534786,0.11809098210984881
Mountain,Corn,1284.9122614970279,6.35535329374738,0.26136170799473557
Mountain,Cotton,1358.2337812315159,1.4584213732780897,0.8860570339707271
Coastal,Cotton,1696.4608880434985,9.103268120004953,0.18578125176900107
Coastal,Wheat,1425.3832109650511,2.3952474106198776,0.7705792860924044
Coastal,Cotton,1511.883024086528,7.1217180701791785,0.29847929120579797
Tropical,Peanuts,664.9374868329778,7.754046826708188,0.033684083306078416
Arid,Soybean,1360.0025885896985,8.775609813757775,0.5227169851500519
Arid,Barley,994.4160533785206,1.0401252182195666,0.48202704136482966
Arid,Rice,867.6699484789793,4.341184977570771,0.18038655160926775
Temperate,Barley,818.7725655529107,8.74157457979361,0.4928143947849606
Mountain,Corn,687.1397807535551,7.563142671074553,0.7589708823758593
Tropical,Barley,1606.9806821240263,2.461501085247869,0.20630026438528948
Temperate,Wheat,1209.2722734694485,3.4766409067764217,0.3917742323494485
Temperate,Soybean,1906.9491021349727,9.372405512013856,0.30866107747795823
Temperate,Rice,1030.571382922304,3.0825597452144775,0.39852140067822905
Temperate,Rice,1462.3048760730132,2.217703259497447,0.30711401806508176
Mountain,Cotton,802.5082513375036,9.966679165293352,0.2741513173303898
Temperate,Soybean,932.5101799703615,9.634562043096338,0.42432715592799664
Coastal,Sugarcane,1091.5047147517985,6.7203803328452825,0.3949500311887526
Coastal,Peanuts,833.7909425787404,7.867224055045169,0.41510910012382274
Mountain,Peanuts,864.6795488359058,8.747699102804406,0.0766386617866387
Arid,Cotton,695.6212190351496,8.512960628032472,0.4441231882070187
Coastal,Rice,1205.897970580699,9.21291470807186,0.469522159817765
Tropical,Corn,1608.779304234976,6.795758842913905,0.7139708549229015
Arid,Peanuts,1304.8561272175978,4.701777933113252,0.04901910804860077
Temperate,Peanuts,777.8853027860811,3.958410055622656,0.036495422422789026
Tropical,Sugarcane,1964.5630126793676,2.5057556513746166,0.07719235186350992
Tropical,Wheat,414.86191307357444,7.041562025823903,0.43838924354887454
Mountain,Sugarcane,1361.2175895275923,7.875532870591946,0.7235425991584409
Arid,Sugarcane,1953.6059333705482,9.21379630758048,0.05016576178604515
Coastal,Sugarcane,1647.5137236406133,1.9932445952650535,0.5211795211316969
Tropical,Peanuts,499.35857974388745,1.770479566348475,0.24565655740270254
Arid,Soybean,786.0269469107279,3.825641799995614,0.9880417214806771
Temperate,Sugarcane,1274.4977777017905,3.9444552868133873,0.8111918667937107
Coastal,Wheat,354.1189791476203,6.151401051401008,0.7458494149498784
Tropical,Wheat,620.2953377710763,4.071896002062035,0.8980770820655378
Tropical,Wheat,1780.1742536253564,6.387815750872736,0.43176498943293595
Temperate,Barley,1755.1782044994566,5.4867839203594455,0.6796399893625158
Temperate,Cotton,553.0665985571136,8.347541897192439,0.8281317469767098
Arid,Peanuts,1636.8952619956085,2.4987302469119483,0.779033092925347
Coastal,Rice,1027.3302656515016,9.893487556077948,0.1351720596249354
Coastal,Soybean,417.3901326016354,4.468929600550634,0.9405802131137169
Tropical,Cotton,259.1705384050005,8.253742251850516,0.6709121461521725
Coastal,Cotton,1936.8983532772193,7.973167461653184,0.06054891405224394
Coastal,Corn,1043.2983216721268,6.694611907057267,0.5627387200717608
Mountain,Wheat,489.27510014203546,2.790516597955815,0.7893346503489527
Coastal,Cotton,1232.7578389105543,7.876876003024951,0.8873156811663515
Coastal,Soybean,1185.3920853718041,9.04582759783196,0.3636936497145188
Tropical,Cotton,1562.0848725644485,9.714754033561839,0.10487904089603028
Arid,Soybean,477.0171272189878,1.0486012355382404,0.45392197949688273
Tropical,Cotton,1055.8814471125906,3.0372391691508627,0.7693995080938502
Temperate,Corn,1727.1343744876554,8.218362902128248,0.03098892053025193
Tropical,Soybean,1679.6308532015012,1.9256966549154968,0.9161554121076091
Coastal,Barley,1056.0552331690617,4.251902758222215,0.9457469399337858
Temperate,Soybean,951.4473481120052,5.790877265936973,0.8880119514117114
Temperate,Sugarcane,413.0626317201685,9.996296113673358,0.320235380590394
Tropical,Sugarcane,1089.5438917863057,6.012849926823055,0.5763510350923833
Tropical,Peanuts,1386.4135074882124,4.323136961528657,0.513098441212517
Temperate,Cotton,1971.269723653749,8.6653646886594,0.09331779856372868
Tropical,Barley,1955.819190743496,8.785846450551201,0.6345752142150396
Coastal,Barley,679.4116611213619,5.175926489980846,0.19280133580019532
Temperate,Peanuts,1844.7149317004432,2.977903609447424,0.2821095835958317
Mountain,Corn,1020.9873443912799,2.0599598728917528,0.5661328772939277
Tropical,Soybean,363.69840407101134,1.7565513593911,0.21462243298824024
Temperate,Wheat,646.330686987945,4.892353559912345,0.5328482159521576
Temperate,Sugarcane,1283.1356557771385,3.284311306866847,0.43226570655742946
Coastal,Sugarcane,308.4354466337819,4.4306864627428855,0.9670955695484958
Temperate,Soybean,929.7954796523127,5.612600751673326,0.08628950754340337
Tropical,Corn,692.864274159115,9.8051081643982,0.5636024847479706
Temperate,Corn,635.6434339570616,7.651409967735321,0.753372219127333
Coastal,Cotton,238.0560539413547,4.806866082469675,0.21804214196076543
Arid,Wheat,1876.3773146175558,7.413094325341046,0.9800794397281697
Tropical,Soybean,295.40781737967586,7.484626866405456,0.3944335739259045
Tropical,Soybean,1522.0770839863155,2.3041405669812285,0.8820537506487913
Mountain,Wheat,466.9084466510493,3.636902229229139,0.7407513135083588
Arid,Peanuts,1575.6983858743529,5.53979681661888,0.5127133667163751
Coastal,Corn,1509.4336096664333,6.270627183925764,0.4084381226777607
Arid,Cotton,972.0563519329015,5.043691526236318,0.7265173948394088
Arid,Cotton,1046.4336671392812,4.734080716300113,0.5625745858671845
Arid,Soybean,1047.8023312105604,3.049119969453775,0.3436050563919002
Coastal,Wheat,1962.7038781092976,7.92681053157049,0.9405081802392784
Arid,Peanuts,1908.6353107210532,6.128863876416524,0.9373244552260469
Mountain,Soybean,717.1936269743386,8.979704212033798,0.19194886305781933
Tropical,Rice,307.1940084866936,6.123205307138077,0.5997561044995017
Arid,Barley,249.8758653638138,3.6941343809725646,0.12105033202475346
Coastal,Wheat,1843.2018849933074,3.2496470364062424,0.2548178489698354
Tropical,Barley,1764.2695683181437,2.7452460351320065,0.5407339622632376
Temperate,Barley,1311.5251633423075,6.069650311657401,0.7469726077848682
Tropical,Wheat,1027.5548513268363,3.858768540390596,0.04045098215300069
Tropical,Soybean,1228.9179096685348,3.9277816182824337,0.35371052905422784
Temperate,Rice,1115.0323729204706,4.03524465703587,0.20688780237686843
Arid,Peanuts,426.201103866072,6.644582253412346,0.8979006013857155
Mountain,Cotton,1973.9381844635059,2.095047158544655,0.16675109656664455
Tropical,Peanuts,913.7744452020698,8.123168652807804,0.10490577863590367
Temperate,Sugarcane,1982.8804171890638,8.697791385470513,0.006537414274460862
Mountain,Rice,800.9871007097281,7.753369887025309,0.5804381676898485
Tropical,Soybean,980.5728851227987,2.950130394666907,0.09526741595436827
Arid,Corn,1614.6930406156873,9.537757491925642,0.73387667307674
Arid,Sugarcane,1529.0133381538544,7.655162414465957,0.6642371385461008
Tropical,Cotton,1013.538166220502,5.841252344186762,0.25198240378156034
Mountain,Corn,828.703870262696,8.18924851812575,0.27237471996324136
Arid,Barley,1625.5694864411814,1.5855902791546668,0.4592184704020077
Tropical,Sugarcane,949.1774748888944,1.9212575341584461,0.020193304756906838
Temperate,Peanuts,1847.8071929006392,1.3339174626962573,0.9418324053538892
Coastal,Corn,875.7655698575098,1.0070315840916968,0.43370813139576647
Mountain,Soybean,730.0773828771352,7.098390002975773,0.9485222251669788
Temperate,Wheat,856.6549793192814,7.612698903279604,0.47279563888877063
Tropical,Rice,1050.5113223059375,2.4201835488334615,0.8738809787077818
Arid,Corn,257.5485408115694,7.688012989804803,0.7485952495299241
Coastal,Barley,1681.1248772676615,2.147296349079011,0.14714911331703806
Coastal,Sugarcane,1040.0892939439611,5.736274677531907,0.13527114733766477
Temperate,Sugarcane,748.4794399446807,4.080589633322803,0.8565632108620802
Tropical,Cotton,1084.0031219435991,4.361552474337449,0.4297110161278498
Mountain,Soybean,1116.1557705253936,2.470972381604378,0.43853475107007744
Coastal,Wheat,1321.9270595311366,9.116537536998626,0.585928268029676
Mountain,Soybean,570.4700691405246,3.7214552628390307,0.7988635177743137
Tropical,Wheat,778.8037275333514,6.16848346452459,0.6325216053961381
Coastal,Barley,549.6471867725836,6.701731831585002,0.4047682191799874
Coastal,Cotton,1701.5196021823767,5.20514166365697,0.2347521139248393
Arid,Barley,1826.4798515783336,9.662118027122016,0.5627917162277004
Tropical,Soybean,351.03871318369534,6.584072797751436,0.11464035215387258
Mountain,Wheat,535.4462757220545,9.32784768136189,0.4815247382117659
Coastal,Rice,478.08477197461406,2.195040696009759,0.18912365685383203
Tropical,Corn,1728.4894148947258,7.23271511120639,0.7717785433615109
Mountain,Peanuts,1061.234628471931,3.1394570416623115,0.2744153393579907
Mountain,Corn,443.34121439283854,3.928349516473508,0.5027971453287338
Mountain,Sugarcane,972.9161203071787,2.3902379821076547,0.12861040339923369
Temperate,Soybean,1142.7981504741606,2.448337878197292,0.821931524494
Arid,Corn,473.1672212636662,3.130332940612111,0.4524507244961353
Tropical,Corn,1383.9463143568269,9.671727830132511,0.5872920156847188
Tropical,Peanuts,1228.977240647487,7.2801594859929155,0.9891682357408863
Temperate,Peanuts,1865.8472697854395,5.440749085322168,0.6563324849912152
Temperate,Peanuts,441.14885124564404,6.725328363827894,0.11462482175859989
Arid,Soybean,451.1280434836518,3.973984548813949,0.5113355702566275
Tropical,Soybean,396.68321397207,9.402949294901472,0.7655765906344109
Temperate,Cotton,1921.9941109581982,4.581556778565601,0.7353536333973426
Mountain,Sugarcane,912.4842380729166,3.3505344543806146,0.38977768941402835
Coastal,Wheat,1858.7374189945665,2.3689350112618808,0.4928159633058943
Tropical,Corn,1590.0595354308318,8.151665951953007,0.9157904953285628
Arid,Peanuts,769.0920944699783,2.609054423012713,0.5835934947006944
Arid,Soybean,453.08140403777315,6.559034569765713,0.6443438892997779
Tropical,Corn,651.2819102197154,6.099974379729858,0.9841170516792578
Temperate,Cotton,1904.5024848144506,7.838121163958059,0.7436803736644119
Tropical,Cotton,232.13039069753518,3.753427215245148,0.19833391911044418
Coastal,Rice,538.3037355708797,7.665358603775955,0.5733359800090755
Coastal,Cotton,1316.1707649021641,9.392706389509723,0.49558289631376207
Mountain,Wheat,1582.921152910256,8.558131024696245,0.8739362076096778
Tropical,Peanuts,1408.951151788932,7.4346853406813045,0.18303642134498077
Temperate,Soybean,1774.6407765460256,1.8050858774609373,0.6301305492061116
Temperate,Sugarcane,495.65998500333757,4.709497239194189,0.35503005130248433
Arid,Wheat,1604.6922879042497,8.720263792895187,0.37544978426689524
Coastal,Soybean,1074.297416788017,9.136687293770274,0.419674985303919
Arid,Barley,1574.239961932107,7.438230831198352,0.7911658285931247
Mountain,Peanuts,1653.1503487611574,5.892546457889738,0.7152750796972404
Tropical,Rice,1234.702552109898,7.267049719450206,0.2929080844086377
Arid,Sugarcane,1354.587121020944,5.108473108159061,0.6018076197743399
Arid,Wheat,1788.356323973919,8.3719398252476,0.033097702044539656
Coastal,Soybean,1794.2926132044136,5.13250923205414,0.3903768180599424
Temperate,Peanuts,1832.1136385517063,7.456584630147025,0.571884029264652
Tropical,Wheat,349.7309805473894,2.6541529449312025,0.014151685367514433
Mountain,Corn,229.22425416640394,2.6057391813812734,0.6592464015062564
Mountain,Soybean,530.1186749620797,7.4842577686608145,0.42644314114419335
Tropical,Wheat,1307.6856149795158,2.7641158221823825,0.49895776998058894
Arid,Cotton,440.32723328041584,7.200858421422821,0.40071814877106315
Temperate,Peanuts,1695.6625258970719,8.875682942214283,0.8562724643691417
Temperate,Soybean,276.1128903072623,2.9956788166099955,0.7336420381127463
Mountain,Cotton,1047.6897855789593,1.3968521780687344,0.7135705540657038
Arid,Peanuts,882.4364975475551,9.40871813166904,0.4610941051520283
Mountain,Wheat,637.8499347277736,5.40289396572076,0.4611405693784302
Temperate,Soybean,1836.4827096041902,1.6821703570953548,0.10003664667676582
Coastal,Cotton,869.0339372487259,8.306732153669802,0.28114510792634284
Mountain,Wheat,784.5181781959244,6.332748873169653,0.12355545052300687
Arid,Sugarcane,1889.3807391891532,1.6152432064246067,0.38182716065913336
Tropical,Peanuts,572.6195045367494,2.764718155553944,0.3497068894887989
Temperate,Barley,241.44137415483002,5.620046446722982,0.721821338717264
Mountain,Sugarcane,471.8286825585489,4.85969093284335,0.21995043917268808
Arid,Peanuts,1218.2262818744725,8.571536415431265,0.9038948532815315
Coastal,Rice,1722.5924634881044,6.275508939806516,0.8366259896175468
Coastal,Peanuts,1724.0608109762425,3.8588039169053108,0.5087676649251794
Coastal,Rice,1897.6547618523905,3.740343960663673,0.04903339202074608
Mountain,Peanuts,1908.674835595119,2.520245871155714,0.9858457151249828
Arid,Soybean,1283.4795555508647,7.84542528955761,0.2746822911721244
Tropical,Barley,1112.0207488415913,6.443473980845377,0.18616401582782027
Arid,Rice,415.3363327814686,9.786343885727605,0.7706983203246978
Mountain,Peanuts,1794.558521735506,6.6169981629820915,0.05725732857206833
Tropical,Soybean,1101.5191814576456,6.577426206277888,0.8149747658268237
Temperate,Cotton,1109.1616168498872,8.54830361962697,0.33770595804542236
Arid,Barley,846.0015535715221,4.5809907666044305,0.024359594192954748
Arid,Soybean,245.1385464258707,5.409932417990806,0.584256696657319
Tropical,Rice,778.3726334394908,9.467343663794347,0.7956206745761263
Tropical,Rice,1481.6842002244402,5.245847939693489,0.7606280936464814
Temperate,Corn,1959.9395586611001,6.126382068959806,0.357640917405887
Coastal,Rice,1260.3181554677953,7.897681869233897,0.7102291070243767
Coastal,Soybean,509.51459374078166,1.6349295278081444,0.22372607323692884
Arid,Soybean,1150.3745729171314,1.7186905298808313,0.16572129640619615
Mountain,Corn,681.7076017486298,3.9983713671394123,0.15737454704767584
Temperate,Barley,1564.1900230892068,4.741055567144745,0.3560746836255435
Tropical,Cotton,452.89986056343923,5.546364764401873,0.6933044560986388
Arid,Cotton,876.9897976797737,6.593648475651653,0.41294012816783277
Temperate,Barley,1764.808630750376,7.782459715014982,0.8702077182170446
Temperate,Wheat,1171.2329985028396,9.709989849325511,0.398126941602467
Tropical,Soybean,446.93217400561355,9.35008291473179,0.9283785639389635
Coastal,Sugarcane,494.3809176229945,7.691380472729524,0.8963163318955698
Coastal,Barley,298.95355736644876,5.779640387325083,0.5232163803584362
Arid,Rice,477.82247419082455,1.6310995159874297,0.5399842011921977
Tropical,Soybean,718.8311701727976,4.700741133500973,0.127043788577058
Arid,Soybean,757.8813216959,4.562749318798842,0.6145622584478426
Temperate,Barley,1481.356283120028,7.276815187928325,0.5703065462174962
Mountain,Corn,1320.2273279627111,8.792059462252485,0.996149325684284
Mountain,Cotton,359.6081536728447,6.412307165811789,0.9141332997290745
Mountain,Rice,348.1518352308768,5.194610048726592,0.17868038698968092
Temperate,Corn,1920.8025623394308,1.64338020731182,0.2408535462989866
Temperate,Peanuts,988.2113560318899,6.194766003995207,0.6818004943652575
Mountain,Corn,1072.3659783445548,8.518231322171417,0.8044040957906651
Arid,Corn,1503.561228651469,6.57668121217139,0.9441852160182764
Tropical,Rice,387.25575951108533,9.149744640310088,0.16052706330178435
Temperate,Sugarcane,1936.8445734833138,5.140807413025478,0.9806951215861175
Mountain,Sugarcane,742.8024711931554,1.5250645364583186,0.11454489536059254
Coastal,Cotton,1974.668132003087,1.0952881003239652,0.23631445461952783
Mountain,Cotton,839.3640471529071,5.462969555956192,0.2205778996039548
Mountain,Corn,1919.8288056025804,4.8971117979872325,0.6574408938243758
Coastal,Sugarcane,1195.1446939985794,5.858333452659002,0.8643446992680798
Tropical,Sugarcane,1573.664945198865,6.712937853408138,0.8730854655557934
Arid,Barley,592.4973148099948,2.912652116529329,0.7201062216386156
Temperate,Peanuts,604.7329977043935,4.152758478083449,0.7871830045341575
Arid,Soybean,1027.8173664672004,7.284312679473088,0.8987461085976063
Arid,Corn,1539.4903930345613,1.3384469780783852,0.027484825014387426
Mountain,Sugarcane,344.6393172829272,4.094930770057752,0.24966888173622126
Temperate,Cotton,594.3462853073052,9.817463025799853,0.7187155627533455
Temperate,Peanuts,1738.515905562222,2.973326444104225,0.33141505955623674
Mountain,Soybean,1932.2514343965156,3.879837676234082,0.9032622428125853
Arid,Rice,1442.806558038353,9.356784486423381,0.05516509884243492
Temperate,Corn,676.5658128987095,5.958421253180339,0.8184292179669475
Tropical,Peanuts,1138.9163712986574,5.449961867113065,0.6263757072469731
Tropical,Rice,626.2992360984292,2.1922692054748856,0.01571559567298042
Arid,Soybean,1404.4425902712494,9.911527266549957,0.9523700332778073
Mountain,Barley,1721.9105356616392,1.3236161162780546,0.678389040160975
Coastal,Cotton,400.82291991822603,9.442345610997068,0.6893716259989526
Arid,Soybean,221.6208372182419,5.146183170667441,0.25344531381702995
Temperate,Soybean,380.9963999555424,4.043416284767559,0.8938879095487202
Mountain,Sugarcane,1994.3023420288735,3.168159850846494,0.007262170910907528
Temperate,Cotton,543.5266772421398,2.5122341907944,0.984043501842522
Mountain,Soybean,1661.8071565680136,3.4779500240761587,0.17932578399144417
Tropical,Wheat,1853.8292224079369,9.403304615398573,0.6754457868048178
Mountain,Sugarcane,614.0456026060078,8.867682442923606,0.5273994504169991
Temperate,Barley,1512.240991041361,3.180338354941,0.7559495971960345
Arid,Barley,860.2758294569684,8.277951664352981,0.881066327525123
Arid,Cotton,587.8860158836931,9.953591636421677,0.605244528531497
Mountain,Soybean,385.3127469019795,4.534311472923872,0.15218524624715934
Tropical,Wheat,259.1184169175707,4.27652104376372,0.276420728282768
Mountain,Soybean,1406.6853742787569,3.175545749022308,0.6751460704087027
Temperate,Soybean,1150.083248025714,8.928008203304994,0.26517027775864954
Temperate,Barley,1370.5879558793554,6.340440786925541,0.532794199358297
Temperate,Wheat,1286.100573859385,3.7338605713610677,0.1764664930419647
Temperate,Sugarcane,563.828840343497,3.4759170253684744,0.6927370244246027
Arid,Rice,806.2970778828337,2.114802119990804,0.16179875784193498
Temperate,Cotton,877.9755515582264,6.202444123691124,0.8330221668174547
Arid,Peanuts,1588.861027612242,4.1998939256650125,0.9027157293981865
Arid,Corn,721.7169819064429,8.002766952905072,0.618935246539295
Arid,Rice,203.92394954527674,9.145874850503162,0.3469941620439644
Tropical,Rice,1612.0589603313597,3.326903990602914,0.27447810767733005
Coastal,Barley,453.8211509610153,5.0102996398527155,0.3114706023715451
Mountain,Corn,1692.4993682742277,7.325099627254545,0.4869280047902135
Mountain,Corn,1623.7031679159234,7.96311931345656,0.0885749581152222
Tropical,Cotton,853.9375078600006,8.326164546849725,0.6168383574760061
Temperate,Barley,479.30128121306603,8.767915275300044,0.10195747843352732
Tropical,Rice,202.63210728131608,9.815511617805686,0.4299948783073574
Tropical,Rice,1598.5716486151387,4.799340371889921,0.7096329849057482
Temperate,Barley,1766.0164417406857,5.474605857841854,0.8904171064112195
Temperate,Corn,937.2135659177126,6.720110484976801,0.04597943501151447
Coastal,Barley,445.7875183187876,1.6505005089394535,0.2899488622926881
Mountain,Barley,1022.0063326057733,5.625223812112569,0.612292154488326
Coastal,Cotton,388.7561796162295,4.594703093782954,0.492591232766345
Temperate,Rice,1628.101675648939,9.91456315296976,0.751469045773819
Coastal,Corn,1321.9345334563143,8.252616164422886,0.15922994207263463
Mountain,Peanuts,1465.2031608462762,7.160086453475974,0.03197568644029092
Mountain,Soybean,1619.3338662227263,8.550843048732066,0.5286063967760793
Temperate,Soybean,1767.8976361111536,7.1063687705737335,0.18629999784552065
Arid,Soybean,1407.2957330837594,1.921597114016912,0.460893161154899
Arid,Sugarcane,1837.926211179563,6.935478723176093,0.6217759184244235
Arid,Cotton,678.0886565342777,1.4212002240136181,0.4919584242275603
Arid,Wheat,835.7317878129259,4.893549055123751,0.08361384849617737
Arid,Soybean,745.2313530005747,1.137447387307064,0.5032610001943146
Temperate,Barley,335.28659699820986,5.827515318059786,0.3595074302947785
Coastal,Corn,1930.1180023621382,9.93035690976712,0.6535689099796375
Mountain,Sugarcane,1518.106753300967,4.450657135284911,0.56978071944416
Tropical,Rice,1222.140702218343,9.432764387091702,0.4682349747692256
Coastal,Sugarcane,1157.9762758646868,7.281605097160749,0.7936623934958071
Arid,Soybean,1309.1289934878234,2.2843660165794675,0.9531820306818523
Arid,Peanuts,1117.2115288567122,5.974658715190845,0.28401770326209086
Arid,Cotton,1889.6007169710072,1.7946424378930903,0.3405018589786504
Tropical,Sugarcane,1619.0694147762113,5.175722987193367,0.312387351865946
Tropical,Barley,1942.8638693688788,3.88454413209188,0.8350241561678893
Coastal,Wheat,894.0632131638697,4.559747556668654,0.5561047425218983
Coastal,Rice,1809.26249626157,5.440917300788586,0.7563678565734088
Temperate,Corn,620.1353684231572,5.900113016639581,0.7211901836231409
Arid,Soybean,1495.807093013617,8.716610840187215,0.6883242371109103
Mountain,Soybean,1842.8094634794777,9.503771095722845,0.1235993880140237
Mountain,Soybean,573.9197162515775,8.911636447482746,0.4372198119116103
Mountain,Wheat,1734.612869288281,4.436104330853451,0.798984131461228
Coastal,Cotton,1125.8376472436485,4.046004403709424,0.5171378183366204
Temperate,Soybean,1945.0178301579285,5.121532904060421,0.5227395400615336
Tropical,Sugarcane,266.32085055649867,5.798984190847222,0.004795900232074879
Temperate,Corn,960.8866806777828,9.361815036023355,0.18553814614606945
Tropical,Rice,1971.0630133664945,7.836508585608479,0.5033556078330707
Temperate,Soybean,1802.2303881227704,7.13465259230446,0.5444634238899944
Coastal,Rice,1507.705312884664,2.386236235671409,0.5931230569219239
Mountain,Peanuts,1801.2820907678527,9.57616275788145,0.7447769447701894
Mountain,Cotton,570.1993302421878,1.7479970251584591,0.07495976249033631
Arid,Barley,1968.5144915290348,9.877044560233557,0.020014087122127933
Arid,Wheat,952.5529164041106,9.29426797436094,0.0653782730930953
Coastal,Wheat,1227.6845435077491,3.768225820757883,0.6578307948926038
Arid,Rice,1601.8222032319775,7.7095891866853465,0.40644526540283776
Mountain,Wheat,258.2366858196213,9.012904288704249,0.7109121148769708
Temperate,Cotton,621.8282678855472,7.331955685916988,0.7114896183605167
Coastal,Sugarcane,873.4754035530588,2.4877858866683136,0.9644366356725975
Tropical,Corn,1763.3499763764446,4.8855011179521615,0.6202390409400907
Tropical,Sugarcane,633.0717094949316,7.385311247161368,0.1992889090503499
Mountain,Sugarcane,1109.0619066169863,1.2240012120821153,0.8724489049460953
Tropical,Rice,1427.5255640863259,8.071929931070418,0.9608164312962009
Temperate,Peanuts,1817.2811321717172,5.363620907064215,0.9616185078411933
Mountain,Soybean,1450.0526414863389,7.974040183017248,0.5300629733313418
Tropical,Wheat,1839.0456700756904,2.8475717026006917,0.9178766590250469
Tropical,Barley,831.5900843532547,8.388782390324373,0.3856938973368491
Arid,Wheat,770.3796879162666,2.4621904954641307,0.04817174525480894
Tropical,Sugarcane,1291.8910733505488,9.024371060188006,0.07904324852541988
Mountain,Cotton,1547.233719786307,6.954922285062225,0.6460193962575105
Temperate,Rice,1647.7093364895306,3.762382125869699,0.06941927186137287
Temperate,Corn,407.6319460130396,1.3191458976355583,0.5624004023692791
Temperate,Rice,556.7986091338711,8.918671543363315,0.44917033966835307
Temperate,Soybean,1935.2928107758385,3.4496751384627693,0.11780499826138091
Coastal,Rice,1708.9200271779648,4.015569687488896,0.31342465070897974
Temperate,Peanuts,666.5420183432527,5.488872214793016,0.19472988416964654
Arid,Wheat,570.4200938495189,4.382101565260486,0.21359209321514105
Mountain,Sugarcane,1224.5913556661574,2.7906277148840015,0.4195023973048919
Coastal,Barley,1576.8984222893823,5.497556594225016,0.14045480446402492
Tropical,Sugarcane,456.19535362684553,8.14972339783335,0.16047170566076874
Arid,Rice,626.394260249547,1.9782997095346473,0.7258702930572097
Mountain,Corn,1877.390597554505,7.826166065700064,0.7531788232312621
Tropical,Corn,245.3502295445265,2.750726892811759,0.6451254165009246
Temperate,Soybean,1987.055737650832,3.3217122060894653,0.7409122736867718
Arid,Cotton,692.4599824316683,7.885226215665045,0.6605053531475764
Mountain,Corn,1454.039721983507,9.439102447750374,0.5425596378773666
Tropical,Peanuts,553.0141524951596,4.5260256252829425,0.8095580759626102
Mountain,Rice,1891.7604585526055,4.964872894024389,0.6036284262439009
Tropical,Soybean,831.2281161956371,5.246153676767665,0.8727086701291074
Mountain,Cotton,1142.4387458188253,3.4809355275879326,0.5985469717191884
Arid,Wheat,741.5147564792177,2.460604577246674,0.35938039969009583
Tropical,Rice,1225.1727052707224,1.4333637886415118,0.7924560861990187
Mountain,Rice,1819.772601268227,3.1952451281151864,0.6021257764511142
Temperate,Sugarcane,1251.337481129213,5.088890391280218,0.07276641168092524
Arid,Rice,1244.2298920530034,7.944878487504367,0.6977258934230441
Arid,Barley,832.6535183190052,7.378083455479004,0.9207515325353199
Mountain,Barley,865.0228453319502,4.929499722086403,0.4698929509844635
Mountain,Barley,1745.6247348301322,4.082577733178304,0.11145997444090283
Tropical,Peanuts,643.8569082633833,4.310109375580794,0.8540426493280797
Arid,Rice,1624.6408434680438,7.891419780964387,0.9140041040540777
Temperate,Corn,453.7739614216799,8.30711279670211,0.1764112190534085
Coastal,Soybean,1629.4747729253388,3.663387524826628,0.1931127691972141
Tropical,Sugarcane,1338.9092482745452,8.525267944479076,0.64749213157732
Tropical,Soybean,1684.6669059072722,1.9368038052495007,0.26969616807517205
Arid,Wheat,519.2907841951871,7.22616671193929,0.9294103339774217
Tropical,Soybean,1118.232389011696,8.510076160332126,0.15081819558939846
Coastal,Wheat,1680.539560686912,5.721761524807141,0.20095147996292828
Tropical,Rice,1525.9995170395318,2.418596815203938,0.1154377789921539
Temperate,Soybean,1911.8633882532208,6.228727666418437,0.5303375449183868
Tropical,Soybean,768.8123856109681,1.7099055725581873,0.9206335824911283
Arid,Rice,471.0021991911586,2.975020673787216,0.5494747617742313
Arid,Wheat,1236.669613361628,4.872760032981224,0.7064184685934767
Tropical,Barley,909.6842409355149,8.98314159396205,0.8169721394977242
Mountain,Peanuts,921.5298353583926,5.697988639859636,0.6826567191136411
Coastal,Rice,1644.9341083962333,6.941909278766865,0.9134241531638393
