NDVI,Rainfall_mm,Temperature_C,Deforestation_Risk
0.37,130.85,21.46,0
0.95,123.49,34.3,0
0.73,453.13,31.81,0
0.6,124.77,-1.54,0
0.16,135.97,-1.79,1
0.16,379.7,4.75,1
0.06,224.87,9.86,1
0.87,388.36,12.47,0
0.6,32.68,27.38,1
0.71,243.79,-6.88,0
0.02,16.81,-8.09,1
0.97,31.33,11.56,1
0.83,453.22,28.34,0
0.21,69.62,0.64,0
0.18,266.21,25.28,1
0.18,205.55,4.29,1
0.3,173.67,38.73,1
0.52,449.92,39.26,1
0.43,10.91,6.35,1
0.29,331.89,2.65,0
0.61,481.7,12.62,0
0.14,280.08,3.23,1
0.29,468.41,26.98,0
0.37,26.13,35.43,1
0.46,209.4,27.02,0
0.79,130.08,35.34,1
0.2,365.41,11.83,0
0.51,490.65,-1.4,0
0.59,128.27,30.59,0
0.05,327.09,9.83,1
0.61,99.05,26.92,0
0.17,282.67,4.89,1
0.07,231.97,-5.53,1
0.95,486.0,44.59,1
0.97,304.26,-1.41,0
0.81,174.75,44.36,1
0.3,57.05,43.75,1
0.1,75.62,33.66,1
0.68,112.66,26.27,0
0.44,125.48,21.78,0
0.12,425.31,37.64,1
0.5,280.61,5.92,0
0.03,261.7,15.72,1
0.91,57.38,24.07,0
0.26,430.07,12.62,0
0.66,361.41,13.51,0
0.31,33.83,8.17,1
0.52,353.92,21.03,0
0.55,271.77,36.78,1
0.18,40.86,1.08,1
0.97,229.15,41.39,1
0.78,242.35,27.9,0
0.94,82.89,35.28,1
0.89,472.85,20.59,0
0.6,424.99,32.87,0
0.92,334.51,-9.11,0
0.09,231.15,35.01,1
0.2,205.88,-7.79,0
0.05,325.49,38.95,1
0.33,272.72,44.56,1
0.39,31.14,6.17,1
0.27,256.25,1.57,0
0.83,403.2,32.09,0
0.36,229.62,3.92,0
0.28,25.98,37.61,1
0.54,393.14,-4.34,0
0.14,100.68,-3.07,1
0.8,129.31,43.85,1
0.07,82.35,27.06,1
0.99,165.11,36.58,1
0.77,378.38,7.84,0
0.2,259.69,27.21,0
0.01,102.44,22.68,1
0.82,438.92,23.17,0
0.71,439.79,27.54,0
0.73,435.29,21.64,0
0.77,119.4,13.6,0
0.07,225.62,5.18,1
0.36,492.49,32.27,0
0.12,386.01,2.44,1
0.86,13.58,28.08,1
0.62,32.6,2.83,1
0.33,231.97,24.39,0
0.06,454.61,31.09,1
0.31,269.35,2.03,0
0.33,248.91,-6.7,0
0.73,52.74,-2.8,0
0.64,328.39,23.33,0
0.89,411.05,36.72,1
0.47,190.21,-7.53,0
0.12,387.81,30.38,1
0.71,482.24,8.77,0
0.76,101.88,16.32,0
0.56,261.66,41.09,1
0.77,143.57,8.26,0
0.49,396.43,15.59,0
0.52,288.8,-9.25,0
0.43,317.29,-5.51,0
0.03,398.96,4.22,1
0.11,197.99,-8.47,1
0.03,457.55,24.73,1
0.64,266.51,13.45,0
0.31,78.98,20.15,0
0.51,347.95,-0.39,0
0.91,396.63,6.28,0
0.25,158.38,26.51,0
0.41,428.59,43.09,1
0.76,453.07,-7.23,0
0.23,138.45,38.97,1
0.08,491.76,21.73,1
0.29,70.36,21.02,0
0.16,101.01,17.52,1
0.93,92.11,-6.18,0
0.81,446.99,-5.06,0
0.63,327.15,23.05,0
0.87,76.05,8.75,0
0.8,220.16,40.45,1
0.19,307.65,12.36,1
0.89,41.73,-2.12,1
0.54,441.21,29.31,0
0.81,401.8,6.13,0
0.9,252.6,18.9,0
0.32,483.56,28.38,0
0.11,208.88,39.51,1
0.23,492.06,33.57,0
0.43,333.96,27.2,0
0.82,317.34,27.38,0
0.86,82.98,42.03,1
0.01,440.96,6.27,1
0.51,213.74,-9.94,0
0.42,81.12,4.96,0
0.22,6.3,1.98,1
0.12,279.88,26.4,1
0.34,263.7,24.85,0
0.94,359.68,22.64,0
0.32,445.13,-9.11,0
0.52,39.7,30.08,1
0.7,365.75,7.79,0
0.36,93.71,26.58,0
0.97,429.09,20.61,0
0.96,409.53,8.85,0
0.25,270.4,-2.6,0
0.5,355.12,-4.81,0
0.3,157.18,35.73,1
0.28,235.58,40.51,1
0.04,410.82,25.74,1
0.61,229.63,-4.31,0
0.5,178.9,12.11,0
0.05,247.11,30.09,1
0.28,414.12,32.89,0
0.91,167.6,-3.5,0
0.24,86.88,-10.0,0
0.14,356.01,29.17,1
0.49,412.99,9.61,0
0.99,50.32,4.0,0
0.24,119.94,-9.29,0
0.67,70.99,19.72,0
0.76,173.97,36.81,1
0.24,225.18,42.67,1
0.73,374.41,21.12,0
0.37,325.57,18.3,0
0.63,310.46,-5.32,0
0.63,176.19,20.19,0
0.54,420.72,10.9,0
0.09,235.64,23.39,1
0.84,489.55,11.38,0
0.32,317.07,3.22,0
0.19,63.13,-4.78,1
0.04,338.09,7.32,1
0.59,162.55,-4.68,0
0.68,343.16,-0.27,0
0.02,34.82,44.3,1
0.51,87.44,14.43,0
0.23,427.87,19.25,0
0.65,113.59,38.05,1
0.17,418.52,44.76,1
0.69,139.64,22.05,0
0.39,321.44,34.69,0
0.94,347.08,7.98,0
0.14,256.33,6.82,1
0.34,152.66,12.15,0
0.11,106.32,26.99,1
0.92,16.59,27.52,1
0.88,151.97,7.34,0
0.26,326.58,-2.67,0
0.66,469.15,24.78,0
0.82,435.6,-2.94,0
0.56,383.03,21.82,0
0.53,394.22,28.14,0
0.24,332.49,28.53,0
0.09,130.14,31.44,1
0.9,453.6,38.01,1
0.9,335.37,17.5,0
0.63,280.22,30.16,0
0.34,55.49,24.05,0
0.35,223.53,0.27,0
0.73,230.18,-8.59,0
0.9,432.28,5.65,0
0.89,273.32,14.37,0
0.78,190.2,23.94,0
0.64,488.4,36.75,1
0.08,55.36,0.79,1
0.16,211.27,-3.09,1
0.9,21.01,42.99,1
0.61,369.95,-4.06,0
0.01,459.04,16.32,1
0.1,140.02,22.21,1
0.66,429.17,19.78,0
0.01,146.11,-5.27,1
0.16,455.39,-6.86,1
0.55,376.98,-4.2,0
0.69,402.45,22.21,0
0.65,9.0,19.94,1
0.22,481.41,2.86,0
0.71,363.34,25.08,0
0.24,152.38,35.1,1
0.33,414.7,-7.71,0
0.75,140.76,17.4,0
0.65,436.38,27.91,0
0.85,56.29,3.88,0
0.66,351.84,6.93,0
0.57,270.35,23.75,0
0.09,48.27,39.39,1
0.37,120.95,34.55,0
0.27,6.2,22.07,1
0.24,234.38,30.16,0
0.97,150.63,10.07,0
0.39,299.18,25.25,0
0.89,148.62,15.64,0
0.63,149.96,0.45,0
0.79,371.6,28.6,0
0.5,24.07,20.61,1
0.58,451.45,9.72,0
0.49,426.13,40.12,1
0.2,333.9,-8.85,0
0.72,296.61,7.37,0
0.28,446.15,-6.87,0
0.02,92.67,32.16,1
0.65,39.48,28.62,1
0.18,119.76,8.22,1
0.94,397.29,27.16,0
0.95,17.34,11.78,1
0.91,291.4,31.59,0
0.37,497.72,14.98,0
0.02,427.85,12.68,1
0.93,260.72,41.41,1
0.43,31.82,3.8,1
0.97,415.69,-3.38,0
0.96,299.49,22.15,0
0.85,57.47,43.31,1
0.29,46.93,10.78,1
0.39,454.81,-6.59,0
0.85,334.6,8.66,0
0.32,414.64,17.83,0
0.17,439.49,-1.09,1
0.56,285.89,26.2,0
0.94,258.72,44.88,1
0.7,215.21,14.85,0
0.57,158.47,9.51,0
0.1,217.3,12.04,1
0.62,386.94,-3.67,0
0.99,300.96,38.58,1
0.14,446.26,12.82,1
0.52,221.69,11.3,0
0.88,303.54,26.28,0
0.74,315.65,14.31,0
0.7,295.85,25.65,0
0.7,351.32,-6.62,0
0.36,118.72,34.75,0
0.29,256.18,41.73,1
0.81,52.11,25.68,0
0.81,192.26,42.5,1
0.87,243.83,-1.67,0
0.91,326.11,16.26,0
0.51,475.27,23.1,0
0.5,300.33,22.0,0
0.8,371.8,12.08,0
0.65,253.13,8.59,0
0.7,317.05,-3.02,0
0.8,35.47,11.55,1
0.89,127.2,-1.05,0
0.34,180.93,30.39,0
0.38,236.25,1.49,0
0.09,22.82,-6.78,1
0.58,70.01,20.38,0
0.04,138.41,22.74,1
0.47,485.77,37.96,1
0.54,165.67,21.73,0
0.29,241.02,9.0,0
0.59,98.05,34.17,0
0.03,305.39,19.72,1
0.04,140.34,-5.64,1
0.82,103.5,21.12,0
0.36,258.29,39.94,1
0.13,2.75,11.8,1
0.52,3.83,6.3,1
0.77,109.53,-2.11,0
0.22,18.36,-1.67,1
0.62,54.01,13.8,0
0.09,169.43,22.76,1
0.05,401.29,-5.57,1
0.53,286.02,41.68,1
0.54,256.33,31.53,0
0.64,146.74,22.26,0
0.73,465.88,35.56,1
0.98,198.51,-5.59,0
0.52,43.55,16.23,1
0.32,308.53,24.66,0
0.8,56.92,35.58,1
0.27,172.61,33.09,0
0.44,253.71,5.24,0
0.08,437.11,41.75,1
0.03,246.77,-3.16,1
0.96,351.13,38.13,1
0.84,496.41,43.4,1
0.7,65.74,-0.26,0
0.41,137.37,29.71,0
0.17,197.29,-7.78,1
0.16,210.91,12.3,1
0.25,205.51,18.4,0
0.55,453.81,21.94,0
0.71,357.02,41.48,1
0.66,303.95,26.97,0
0.28,154.69,16.47,0
0.95,411.9,34.53,0
0.74,477.53,42.28,1
0.55,410.6,-8.79,0
0.61,0.78,44.04,1
0.42,318.2,-5.26,0
0.25,25.57,34.79,1
0.36,128.8,5.42,0
0.76,29.76,-2.73,1
0.01,301.9,14.19,1
0.12,343.29,25.42,1
0.05,57.24,10.95,1
0.04,191.92,-7.0,1
0.86,228.12,22.97,0
0.7,184.53,39.63,1
0.47,60.51,11.08,0
0.1,209.47,1.9,1
0.49,375.59,14.34,0
0.47,35.5,-7.34,1
0.17,40.09,35.13,1
0.43,177.39,35.45,1
0.4,470.86,22.34,0
0.62,334.29,9.42,0
0.64,339.33,33.99,0
0.05,180.96,20.51,1
0.37,296.83,35.43,1
0.63,5.07,24.73,1
0.5,318.05,33.14,0
0.86,456.64,22.92,0
0.66,306.29,12.78,0
0.16,436.85,42.69,1
0.07,361.99,19.76,1
0.64,60.28,23.28,0
0.03,451.23,2.13,1
0.59,33.22,24.41,1
0.94,266.98,21.44,0
0.58,71.07,0.17,0
0.39,5.85,-6.72,1
0.64,211.02,23.24,0
0.46,147.52,32.0,0
0.55,243.0,18.79,0
0.94,288.6,2.47,0
0.39,21.87,26.66,1
0.96,61.5,-5.59,0
0.91,279.32,14.3,0
0.2,171.58,-1.01,0
0.07,364.59,0.15,1
0.1,326.15,1.13,1
0.02,422.8,11.27,1
0.09,346.25,-7.19,1
0.68,214.97,11.88,0
0.07,336.48,18.14,1
0.32,137.69,16.58,0
0.84,153.16,11.05,0
0.02,394.49,36.15,1
0.81,223.21,-2.01,0
0.28,399.19,17.81,0
0.12,411.21,-6.59,1
0.7,428.78,-6.09,0
0.63,458.32,21.56,0
0.88,215.49,21.13,0
0.74,159.43,38.29,1
0.8,291.1,20.68,0
0.28,185.59,42.79,1
0.18,300.54,-7.32,1
0.75,352.79,-4.61,0
0.81,344.2,-7.58,0
0.99,187.28,0.19,0
0.41,83.43,19.77,0
0.37,215.26,25.51,0
0.78,71.3,-7.49,0
0.34,445.05,42.03,1
0.93,172.94,36.32,1
0.86,77.23,6.31,0
0.43,12.72,-5.75,1
0.75,322.91,-0.66,0
0.75,318.45,-3.02,0
0.1,170.3,-3.22,1
0.9,35.86,18.52,1
0.51,204.81,3.52,0
0.83,155.61,9.7,0
0.32,338.56,44.42,1
0.9,302.89,27.64,0
0.39,182.3,42.19,1
0.01,108.95,-2.16,1
0.91,494.02,11.02,0
0.09,227.0,20.51,1
0.32,344.14,-5.78,0
0.95,70.28,-9.77,0
0.95,242.79,26.87,0
0.57,13.77,25.3,1
0.63,252.73,12.59,0
0.45,482.01,16.93,0
0.29,192.1,12.85,0
0.33,19.5,-8.68,1
0.67,15.48,8.45,1
0.75,193.99,-0.26,0
0.79,80.01,-4.59,0
0.79,11.68,42.62,1
0.09,378.11,22.96,1
0.49,229.26,30.08,0
0.06,144.62,7.35,1
0.55,450.04,11.62,0
0.44,58.07,3.03,0
0.89,477.96,-4.67,0
0.35,156.98,-0.15,0
0.12,444.2,33.86,1
0.14,301.47,27.27,1
0.76,413.35,20.08,0
0.62,492.01,16.13,0
0.1,144.2,40.73,1
0.08,480.57,-6.0,1
0.7,194.74,5.43,0
0.07,192.76,9.25,1
0.82,170.19,33.03,0
0.71,270.7,44.59,1
0.08,77.07,3.24,1
0.08,276.86,38.09,1
0.99,270.85,35.68,1
0.37,380.95,2.36,0
0.37,416.82,11.96,0
0.81,220.22,12.53,0
0.95,151.17,43.8,1
0.99,129.67,-0.05,0
0.75,97.31,33.95,0
0.38,28.82,8.38,1
0.08,171.22,30.2,1
0.78,135.12,13.1,0
0.56,483.21,21.81,0
0.42,278.85,35.79,1
0.91,173.64,34.23,0
0.11,290.23,37.65,1
0.49,69.6,-6.72,0
0.01,222.02,28.06,1
0.47,313.12,-2.3,0
0.06,244.45,12.87,1
0.12,200.89,20.17,1
0.12,496.92,12.15,1
0.65,440.16,18.58,0
0.75,311.7,44.81,1
0.58,284.69,-2.56,0
0.96,310.33,27.15,0
0.37,100.66,11.78,0
0.29,197.57,-2.68,0
0.87,19.73,-1.27,1
0.22,237.77,42.21,1
0.96,271.51,38.38,1
0.01,113.87,39.89,1
0.97,482.01,44.53,1
0.04,454.73,1.46,1
0.89,361.07,9.55,0
0.53,266.69,26.81,0
0.99,434.98,16.61,0
0.07,65.33,13.01,1
0.55,395.25,9.68,0
0.97,62.41,22.66,0
0.52,397.11,21.66,0
0.63,137.88,-1.12,0
0.7,438.55,15.95,0
0.45,472.02,20.44,0
0.63,74.4,21.37,0
0.58,231.34,1.56,0
0.9,490.49,30.82,0
0.05,241.7,-8.61,1
0.28,431.77,9.52,0
0.95,294.37,32.91,0
0.89,187.66,21.01,0
0.46,142.89,4.36,0
0.62,101.61,28.22,0
0.28,380.9,21.21,0
0.19,193.27,33.79,1
0.46,255.64,30.43,0
0.35,246.16,23.56,0
0.58,288.64,16.85,0
0.08,432.79,-2.67,1
0.97,490.37,4.37,0
0.99,203.79,13.05,0
0.7,413.76,22.96,0
0.54,382.26,18.25,0
0.31,286.76,5.85,0
0.81,478.02,-9.64,0
0.68,100.24,17.29,0
0.16,54.63,5.71,1
0.91,426.98,30.4,0
0.82,219.57,-8.68,0
0.95,423.48,22.17,0
0.73,446.55,41.78,1
0.61,31.23,-0.41,1
0.42,441.73,15.94,0
0.93,224.16,-4.97,0
0.87,255.22,24.41,0
0.05,313.3,20.28,1
0.03,463.19,12.41,1
0.38,9.56,18.68,1
0.81,238.42,39.31,1
0.99,343.86,0.8,0
0.15,361.35,-8.76,1
0.59,346.27,37.39,1
0.38,67.22,21.74,0
0.97,149.7,38.99,1
0.84,179.36,22.83,0
0.84,402.22,34.56,0
0.47,139.38,13.63,0
0.41,105.35,31.24,0
0.27,478.72,40.22,1
0.06,4.43,21.47,1
0.86,498.91,-0.06,0
0.81,338.41,4.78,0
1.0,414.23,0.93,0
1.0,147.31,3.58,0
0.56,7.16,6.85,1
0.77,368.93,20.53,0
0.94,417.07,22.34,0
0.85,370.24,13.46,0
0.25,71.43,23.85,0
0.45,376.71,-5.51,0
0.13,384.46,-5.17,1
0.95,329.27,-0.55,0
0.61,383.06,18.49,0
0.23,422.96,1.77,0
0.67,306.8,5.58,0
0.62,44.3,12.02,1
0.36,243.81,34.65,0
0.11,38.82,-9.24,1
0.67,203.77,25.72,0
0.52,203.55,26.79,0
0.77,33.0,33.93,1
0.52,174.41,41.3,1
0.85,55.5,-8.89,0
0.55,404.12,-1.54,0
0.56,473.84,38.74,1
0.88,36.16,15.22,1
0.4,477.56,21.05,0
0.13,261.29,26.47,1
0.03,149.78,27.35,1
0.76,38.43,41.25,1
0.62,250.31,44.83,1
0.7,397.26,29.61,0
0.21,353.54,5.8,0
0.14,25.11,38.39,1
0.01,36.45,-7.29,1
0.35,201.44,2.71,0
0.59,147.65,39.36,1
0.39,116.19,4.09,0
0.44,140.5,2.14,0
0.9,401.74,-2.4,0
0.35,464.61,37.25,1
0.51,202.55,17.5,0
0.78,453.06,27.12,0
0.4,160.75,3.15,0
0.62,238.22,31.69,0
0.86,113.01,31.8,0
0.95,320.24,7.19,0
0.15,489.49,12.59,1
0.93,301.75,1.53,0
0.49,178.91,43.71,1
0.26,323.91,25.51,0
0.46,61.46,41.4,1
0.98,444.33,6.69,0
0.49,251.54,33.0,0
0.33,224.67,32.12,0
0.63,292.93,28.04,0
0.24,312.39,43.11,1
0.08,35.89,11.65,1
0.13,341.31,-2.81,1
0.13,120.97,26.94,1
0.15,356.98,30.11,1
0.14,411.27,21.63,1
0.64,401.98,1.37,0
0.18,276.25,17.75,1
0.35,260.08,7.17,0
0.9,71.44,13.51,0
0.47,387.67,25.49,0
0.67,135.7,30.99,0
0.17,248.35,2.77,1
0.19,142.14,12.29,1
0.04,66.91,4.8,1
0.17,314.78,0.92,1
0.28,27.17,33.09,1
0.18,374.32,40.01,1
0.09,158.79,10.36,1
0.12,0.07,31.32,1
0.46,255.56,39.33,1
0.21,23.43,36.54,1
0.36,138.08,0.05,0
0.5,353.49,42.6,1
0.69,31.34,10.72,1
0.04,419.67,8.66,1
0.8,1.91,-6.57,1
0.63,123.41,16.74,0
0.08,370.45,-4.0,1
0.87,158.14,3.67,0
0.92,50.95,7.43,0
0.06,180.12,34.49,1
0.28,135.2,38.15,1
0.81,421.36,6.64,0
0.75,156.67,37.23,1
0.18,394.47,37.15,1
0.21,445.94,32.06,0
0.37,216.91,-1.93,0
0.48,454.97,27.97,0
0.62,188.66,41.98,1
0.37,482.04,27.54,0
0.46,44.64,8.24,1
0.75,343.51,17.53,0
0.04,246.91,25.51,1
0.25,193.82,18.08,0
0.71,316.36,-3.4,0
0.9,351.93,7.16,0
0.51,2.18,34.13,1
0.53,83.48,37.38,1
0.11,356.52,-2.45,1
0.45,333.19,42.38,1
0.53,483.02,8.09,0
0.24,380.52,26.43,0
0.27,475.39,31.35,0
0.38,351.27,34.66,0
0.02,149.03,42.02,1
0.32,52.68,7.21,0
0.21,390.91,37.22,1
0.33,322.07,-2.76,0
0.12,24.09,28.78,1
0.89,180.03,30.81,0
0.59,478.4,27.27,0
0.68,250.2,3.88,0
0.79,216.36,38.02,1
0.5,228.85,-0.71,0
0.09,104.44,-7.05,1
0.54,184.35,29.46,0
0.59,184.91,16.15,0
0.75,26.18,36.7,1
0.43,383.78,11.09,0
0.13,208.25,-0.74,1
0.28,411.09,36.0,1
0.36,425.17,20.19,0
0.65,106.0,0.41,0
0.57,328.68,29.62,0
0.36,236.14,18.11,0
0.99,440.08,23.24,0
0.61,107.87,15.35,0
0.24,338.91,35.58,1
0.1,303.88,35.63,1
0.15,147.65,29.02,1
0.25,68.3,-4.2,0
0.16,325.82,36.14,1
0.19,369.3,26.91,1
0.29,157.81,28.34,0
0.17,322.42,9.96,1
0.9,197.57,38.36,1
0.08,356.6,29.9,1
0.52,99.61,-3.81,0
0.41,445.11,12.43,0
0.98,143.7,38.75,1
0.11,183.89,-7.4,1
0.4,29.05,42.88,1
0.97,55.76,27.35,0
0.87,257.93,24.73,0
0.82,133.8,4.88,0
0.26,417.74,3.68,0
0.17,7.35,41.81,1
0.67,189.55,6.4,0
0.93,168.67,32.65,0
0.56,9.66,11.62,1
0.57,62.18,-2.34,0
0.28,206.82,-9.41,0
0.77,246.43,19.93,0
0.19,202.14,43.67,1
0.32,265.47,10.3,0
0.43,297.57,9.65,0
0.51,4.96,8.93,1
0.24,232.05,18.63,0
0.11,481.75,14.24,1
0.61,259.52,38.4,1
0.29,338.77,17.8,0
0.58,155.93,17.93,0
0.15,387.0,-2.39,1
0.48,386.46,44.05,1
0.53,260.65,3.75,0
0.05,488.01,-5.96,1
0.34,62.78,26.47,0
0.13,8.47,22.75,1
0.06,385.08,12.83,1
0.99,403.58,13.22,0
0.32,60.1,33.18,0
0.81,132.79,0.76,0
0.25,8.78,35.11,1
0.68,146.65,25.68,0
0.76,386.57,13.04,0
0.6,258.98,15.19,0
0.47,174.05,4.12,0
0.41,185.87,31.37,0
0.35,0.68,18.21,1
0.93,149.9,7.65,0
0.83,323.23,22.78,0
0.97,487.1,44.77,1
0.12,423.53,13.94,1
0.73,11.8,40.64,1
0.94,449.28,8.98,0
0.18,391.6,-6.99,1
0.07,390.19,1.23,1
0.74,229.0,13.03,0
0.57,199.0,2.08,0
0.84,151.46,-9.99,0
0.14,32.85,40.33,1
0.8,114.12,36.41,1
0.2,123.3,30.83,0
0.16,242.04,-0.77,1
0.16,373.72,-3.38,1
0.81,236.9,-6.28,0
0.67,28.92,29.82,1
0.52,478.89,41.08,1
0.36,471.36,13.68,0
0.88,392.59,-3.45,0
0.39,495.66,18.18,0
0.82,272.24,9.19,0
0.44,481.38,10.62,0
0.38,37.8,24.17,1
0.46,182.84,29.53,0
0.3,112.69,-3.92,0
0.75,97.92,-8.04,0
0.5,70.4,44.69,1
0.23,311.21,2.8,0
0.9,390.66,-7.04,0
0.38,289.15,0.44,0
0.54,73.48,-7.86,0
0.91,405.56,11.55,0
0.62,317.98,34.13,0
0.12,194.08,8.77,1
0.94,337.07,14.43,0
0.63,129.95,27.16,0
0.33,172.6,17.99,0
0.14,458.74,37.38,1
0.79,145.25,37.63,1
0.62,234.99,-9.45,0
0.53,445.07,32.79,0
0.89,353.86,15.34,0
0.79,31.1,44.39,1
0.15,73.65,16.58,1
0.31,3.92,44.28,1
0.25,315.46,31.5,0
0.74,223.84,3.67,0
0.03,67.14,19.61,1
0.57,478.97,44.57,1
0.76,264.83,37.16,1
0.88,120.95,-4.64,0
0.34,250.3,28.85,0
0.82,339.81,9.01,0
0.11,38.12,-9.62,1
0.85,137.35,12.19,0
0.13,403.48,2.91,1
0.4,229.83,35.04,1
0.8,273.29,8.55,0
0.15,216.41,35.51,1
0.23,21.95,-9.97,1
0.72,82.87,6.93,0
0.72,222.77,3.26,0
0.64,104.59,2.85,0
0.69,24.99,-6.25,1
0.54,421.82,0.29,0
0.25,490.6,20.56,0
0.35,396.57,6.02,0
0.18,426.89,12.96,1
0.91,120.99,10.73,0
0.58,480.31,38.17,1
0.4,98.46,39.79,1
0.46,475.71,17.11,0
0.95,497.41,8.16,0
0.15,355.86,-4.13,1
0.59,490.57,42.44,1
0.51,284.77,-6.69,0
0.61,129.77,6.37,0
0.02,218.5,6.39,1
0.87,296.78,7.62,0
0.93,36.54,-0.96,1
0.57,311.17,33.07,0
0.7,490.59,-3.26,0
0.92,95.05,24.92,0
0.71,396.3,-3.19,0
0.15,453.95,-6.12,1
0.58,471.85,40.02,1
0.61,480.07,0.46,0
0.42,260.73,35.17,1
0.74,488.65,19.95,0
0.93,378.66,-5.72,0
0.93,80.84,42.55,1
0.45,238.45,3.58,0
0.11,359.17,37.28,1
0.98,123.67,-0.72,0
0.84,320.31,36.97,1
0.12,333.3,-9.27,1
0.92,81.35,18.15,0
0.87,282.54,32.32,0
0.52,385.81,41.41,1
0.59,249.45,40.01,1
0.4,6.05,35.08,1
0.05,4.52,38.85,1
0.34,178.51,0.96,0
0.8,463.1,5.63,0
0.0,114.34,5.89,1
0.33,317.18,10.74,0
0.4,111.04,11.63,0
0.54,160.83,19.95,0
0.92,424.02,-1.21,0
0.35,364.43,28.02,0
0.35,47.7,-0.78,1
0.74,214.35,7.07,0
0.45,14.58,17.68,1
0.22,240.45,33.8,0
0.45,331.22,30.67,0
0.14,59.25,25.5,1
0.18,144.44,-1.43,1
0.5,198.92,20.09,0
0.42,459.77,-5.19,0
0.91,496.63,10.75,0
0.36,22.46,12.74,1
0.58,380.5,-7.81,0
0.63,185.86,5.07,0
0.01,196.23,42.56,1
0.66,377.13,42.45,1
0.18,459.21,9.38,1
0.96,475.46,-7.63,0
0.15,288.56,-0.15,1
0.41,178.56,11.57,0
0.09,393.77,42.13,1
1.0,125.5,-2.23,0
0.5,282.04,31.99,0
0.6,179.29,-4.02,0
0.07,328.32,43.97,1
0.75,120.2,10.99,0
0.21,95.8,32.64,0
0.9,459.12,8.84,0
0.21,50.9,24.52,0
0.19,252.98,0.56,1
0.04,110.43,-1.97,1
0.47,19.46,41.59,1
0.56,18.01,40.47,1
0.07,87.61,38.81,1
0.78,433.39,24.4,0
0.45,141.24,34.45,0
0.52,475.23,-6.2,0
0.44,290.81,8.41,0
0.4,218.31,7.25,0
0.56,290.04,24.96,0
0.16,258.35,9.58,1
0.18,379.39,-1.83,1
0.86,141.25,22.81,0
0.95,176.53,34.79,0
0.37,447.05,11.02,0
0.27,473.23,-2.73,0
0.64,446.28,0.82,0
0.41,209.72,3.06,0
0.03,390.18,6.49,1
0.16,238.17,25.35,1
0.72,248.77,23.05,0
0.66,102.34,28.28,0
0.03,295.57,9.94,1
0.22,93.07,35.32,1
0.23,165.78,1.22,0
0.67,427.52,15.8,0
0.02,103.54,34.05,1
0.1,35.58,-0.09,1
0.8,34.5,-3.96,1
0.18,470.39,38.6,1
0.65,253.46,8.86,0
0.24,204.71,27.61,0
0.1,405.44,-8.61,1
0.24,417.91,27.95,0
0.72,166.1,7.39,0
0.86,346.81,-6.93,0
0.83,385.56,23.54,0
0.4,327.33,3.24,0
0.67,75.8,11.27,0
0.2,437.94,-5.57,0
0.29,269.55,-1.91,0
0.9,141.24,6.39,0
0.01,212.61,-5.06,1
0.09,18.79,40.1,1
0.21,63.93,-9.67,0
0.03,382.77,16.61,1
0.18,0.01,-3.22,1
0.58,208.28,6.92,0
0.42,261.26,40.93,1
0.89,27.32,-1.11,1
0.82,486.54,43.12,1
0.34,113.06,1.32,0
0.26,152.1,30.79,0
0.38,151.97,20.07,0
0.59,115.21,38.65,1
0.27,0.74,20.47,1
0.62,364.67,19.4,0
0.41,483.42,0.75,0
0.55,112.15,-0.86,0
0.44,331.52,40.41,1
0.29,370.95,8.03,0
0.95,424.21,10.46,0
0.76,211.31,31.79,0
0.14,151.47,8.64,1
0.87,162.65,42.36,1
0.49,356.31,30.59,0
0.89,408.39,22.86,0
0.8,90.81,38.45,1
0.43,185.47,-7.27,0
0.02,450.97,4.14,1
0.27,403.35,15.58,0
0.54,492.43,2.48,0
0.63,377.12,30.91,0
0.26,196.6,40.56,1
0.14,295.32,13.31,1
0.83,330.51,8.82,0
0.98,39.23,42.89,1
0.53,272.25,14.47,0
0.17,354.66,16.9,1
0.27,83.66,9.34,0
0.02,390.32,40.03,1
0.91,291.89,21.29,0
0.12,476.11,31.92,1
0.58,21.21,34.65,1
0.27,132.66,8.8,0
0.55,300.78,13.85,0
0.65,148.28,36.67,1
0.83,357.21,9.98,0
0.21,379.5,33.67,0
0.01,51.26,41.75,1
0.14,256.93,24.28,1
0.9,254.45,30.79,0
0.87,184.64,34.28,0
0.6,466.46,36.48,1
0.6,413.75,11.73,0
0.67,348.6,-7.18,0
0.18,357.16,12.1,1
0.91,230.86,27.06,0
0.42,460.5,14.77,0
0.38,347.3,31.19,0
0.52,364.49,9.63,0
0.05,430.85,24.91,1
0.17,137.04,0.25,1
0.74,403.54,31.22,0
0.08,97.62,20.01,1
0.6,172.67,1.22,0
0.25,167.81,6.06,0
0.39,489.26,31.17,0
0.29,428.27,16.54,0
0.36,350.58,1.88,0
0.72,363.53,43.2,1
0.3,281.04,29.33,0
0.57,473.55,42.64,1
0.48,248.13,13.49,0
0.66,190.26,16.13,0
0.94,81.52,39.39,1
0.73,393.1,18.88,0
0.21,367.22,28.9,0
0.03,192.18,3.87,1
0.26,12.6,14.57,1
0.6,419.5,-3.21,0
0.05,5.71,1.33,1
0.5,351.85,-9.95,0
0.6,485.13,-7.84,0
0.33,218.83,43.75,1
0.77,117.49,3.33,0
0.11,352.44,26.48,1
0.08,408.56,36.15,1
0.73,273.22,20.29,0
0.5,483.52,-1.58,0
0.69,25.83,30.05,1
0.43,252.4,23.01,0
0.25,359.23,30.22,0
0.82,431.32,32.34,0
0.8,89.63,43.65,1
0.69,400.0,21.55,0
0.27,276.35,8.79,0
0.59,198.28,25.67,0
0.36,65.86,-6.24,0
0.09,432.65,39.36,1
0.92,78.64,-3.43,0
0.14,154.89,8.03,1
0.95,145.02,34.87,0
0.45,435.71,22.85,0
0.19,336.35,11.65,1
0.54,398.34,16.04,0
0.87,125.23,37.0,1
0.73,312.44,8.7,0
0.81,285.87,37.83,1
0.66,416.42,-5.15,0
0.69,453.04,32.72,0
0.85,6.08,36.62,1
0.25,337.01,-0.0,0
0.49,25.92,13.67,1
0.22,274.43,-0.9,0
0.99,143.82,28.86,0
0.94,153.39,19.44,0
0.04,176.48,24.94,1
0.71,310.65,0.81,0
0.93,167.02,1.65,0
0.18,366.35,-7.72,1
0.57,202.26,7.71,0
0.92,34.18,20.79,1
0.03,391.88,37.19,1
0.7,142.88,26.68,0
0.3,216.38,13.95,0
0.92,342.72,42.42,1
0.97,166.23,29.56,0
0.94,28.29,41.16,1
0.47,186.96,19.02,0
0.86,472.22,4.24,0
0.84,320.87,-7.09,0
0.32,335.74,29.93,0
0.83,316.14,-3.33,0
0.04,99.5,6.65,1
0.6,209.17,19.29,0
0.23,375.47,21.04,0
0.12,50.69,23.03,1
0.08,138.93,-0.86,1
0.7,138.16,10.89,0
0.34,216.01,23.95,0
0.72,490.18,43.34,1
0.07,33.75,30.02,1
0.32,259.35,40.74,1
0.54,89.68,31.92,0
0.79,485.34,22.54,0
0.32,56.65,0.56,0
0.63,201.8,26.67,0
0.89,368.94,24.29,0
0.62,352.28,23.14,0
0.23,211.36,16.94,0
0.02,173.26,19.08,1
0.87,198.81,8.39,0
0.02,132.14,18.56,1
0.87,102.67,0.87,0
0.53,241.52,34.28,0
0.94,134.27,0.22,0
0.8,143.73,-5.33,0
1.0,328.38,13.99,0
0.35,484.27,26.21,0
0.77,301.82,14.07,0
0.4,38.49,5.22,1
0.48,37.79,20.7,1
0.63,475.71,9.09,0
0.87,148.65,41.31,1
0.98,46.03,40.75,1
0.77,299.52,17.63,0
0.42,311.82,8.03,0
0.42,324.25,30.54,0
0.74,133.7,-7.98,0
0.24,7.56,16.11,1
0.11,482.51,8.5,1
0.35,125.45,40.63,1
0.29,338.01,-9.34,0
0.3,353.31,20.4,0
0.23,305.0,30.74,0
0.04,156.45,16.68,1
0.02,135.55,-5.3,1
0.99,298.83,43.49,1
0.43,433.05,18.49,0
0.38,473.37,23.78,0
0.68,52.95,3.01,0
0.22,77.41,16.59,0
0.95,472.37,13.6,0
0.79,368.27,-5.88,0
0.09,441.5,-4.16,1
0.42,101.32,36.06,1
0.88,293.79,3.19,0
0.94,350.57,0.72,0
0.47,340.06,17.77,0
0.61,204.08,32.28,0
0.17,7.7,-6.59,1
0.99,291.46,21.72,0
0.23,126.55,-3.44,0
0.94,225.13,-7.99,0
0.65,478.79,-7.1,0
0.61,199.52,35.88,1
0.51,419.9,-3.51,0
0.23,94.27,-7.52,0
0.18,336.23,14.08,1
0.22,488.5,36.42,1
0.19,50.95,4.43,1
0.78,4.16,13.19,1
0.35,216.79,-7.8,0
0.06,46.31,14.7,1
0.97,374.19,21.77,0
0.88,457.27,21.4,0
0.93,217.01,8.28,0
0.99,129.36,7.35,0
0.17,217.2,-4.14,1
0.4,361.72,10.17,0
0.76,4.53,-4.53,1
0.7,294.73,32.16,0
0.15,306.65,43.15,1
0.82,318.84,43.35,1
0.22,121.01,37.58,1
0.22,357.03,23.04,0
0.54,45.7,28.55,1
0.59,99.64,5.69,0
0.58,438.74,24.69,0
0.09,369.36,15.06,1
0.88,6.87,16.51,1
0.27,124.19,31.68,0
0.13,107.2,5.51,1
0.89,135.4,7.49,0
0.96,123.78,40.86,1
0.86,31.26,-6.91,1
0.81,229.47,16.71,0
0.66,366.37,40.2,1
0.55,303.37,23.57,0
0.09,336.44,20.05,1
0.41,40.57,3.74,1
0.37,475.75,8.88,0
0.26,419.25,36.86,1
0.72,402.55,20.76,0
0.5,411.49,18.31,0
0.08,466.36,-4.52,1
0.22,272.13,-9.12,0
0.68,100.14,43.0,1
0.08,308.39,10.73,1
0.85,371.44,23.18,0
0.5,368.96,-5.62,0
0.48,260.72,27.57,0
0.59,34.23,41.29,1
0.82,185.56,21.66,0
0.35,460.38,-3.06,0
0.68,292.22,21.99,0
0.57,269.17,32.15,0
0.27,134.43,12.35,0
0.88,184.22,38.39,1
0.8,447.67,25.68,0
0.66,333.23,39.46,1
0.85,393.69,24.29,0
0.87,227.17,-2.78,0
0.71,315.12,7.03,0
0.84,124.19,1.1,0
0.7,352.73,39.99,1
0.68,213.8,31.82,0
0.62,221.27,27.2,0
0.75,324.66,6.55,0
0.16,468.14,0.12,1
0.88,32.0,31.6,1
0.87,412.37,16.08,0
0.03,146.19,2.42,1
0.83,221.96,23.91,0
0.13,10.96,-7.78,1
0.34,150.52,7.94,0
0.74,251.32,15.77,0
0.16,28.09,-1.86,1
0.82,245.55,44.16,1
0.83,463.56,1.5,0
0.51,52.7,-2.83,0
0.01,382.22,1.19,1
0.29,204.84,32.3,0
0.62,327.59,13.4,0
0.98,130.12,21.1,0
0.63,79.75,-8.84,0
0.26,80.23,-8.11,0
0.63,35.25,14.52,1
0.54,92.82,34.92,0
0.78,332.11,38.69,1
0.11,440.85,-5.23,1
0.76,407.06,19.61,0
0.54,342.57,40.23,1
0.96,55.22,11.34,0
0.34,144.59,35.63,1
0.63,154.9,-2.65,0
0.93,124.98,41.45,1
0.1,257.5,31.33,1
0.94,267.78,41.77,1
0.69,178.44,27.21,0
0.07,176.89,9.99,1
0.3,414.28,41.6,1
0.71,394.65,5.16,0
0.07,153.9,8.27,1
0.58,456.89,28.54,0
0.35,476.41,32.09,0
0.62,163.37,41.12,1
0.05,177.21,1.26,1
0.87,252.82,33.89,0
0.97,470.56,30.62,0
0.97,438.16,-6.49,0
0.75,51.28,11.3,0
0.13,196.37,5.55,1
0.76,276.69,6.75,0
0.02,251.57,44.06,1
0.02,96.93,25.35,1
0.32,429.41,29.47,0
0.49,338.47,43.71,1
0.77,418.95,10.75,0
0.68,429.38,34.1,0
0.45,374.18,13.9,0
0.27,219.61,37.82,1
1.0,305.27,-0.06,0
0.43,80.18,42.12,1
0.45,336.82,2.03,0
0.16,89.63,7.94,1
0.79,346.97,31.59,0
0.69,114.8,11.66,0
0.22,58.78,23.45,0
0.08,82.64,14.45,1
0.68,1.0,30.83,1
0.65,359.37,2.56,0
0.27,366.2,-6.78,0
0.95,257.47,6.5,0
0.15,80.68,16.09,1
0.43,41.78,-0.76,1
0.94,9.56,9.51,1
0.42,82.87,12.0,0
0.64,445.43,-6.84,0
0.4,120.77,22.08,0
0.27,177.14,38.64,1
0.98,52.67,-1.65,0
0.41,111.18,22.88,0
0.89,259.61,26.56,0
0.23,303.88,13.06,0
0.21,122.68,28.56,0
0.03,28.87,12.59,1
0.65,195.52,17.76,0
0.37,117.1,-9.6,0
0.86,109.78,28.04,0
0.47,479.93,26.37,0
0.97,308.15,-7.89,0
0.19,278.44,10.25,1
0.87,207.89,43.85,1
0.78,214.47,13.14,0
0.77,270.45,17.61,0
0.84,348.21,40.05,1
0.76,351.07,29.45,0
0.63,85.85,22.01,0
0.13,250.06,33.88,1
0.03,205.98,37.54,1
0.92,435.26,15.13,0
0.62,315.71,16.13,0
0.8,266.25,11.23,0
0.48,57.7,43.17,1
0.12,302.82,28.34,1
0.13,58.6,-5.42,1
0.69,168.6,37.46,1
0.43,71.42,16.43,0
0.2,346.04,-6.22,0
0.49,103.13,20.23,0
0.06,195.93,12.94,1
0.58,447.84,38.28,1
0.27,102.16,1.22,0
0.8,253.9,35.46,1
0.31,209.64,20.67,0
0.46,9.06,-7.0,1
0.01,396.38,43.45,1
0.07,34.52,18.19,1
0.39,237.13,6.0,0
0.48,280.34,15.82,0
0.6,314.21,37.18,1
0.29,344.32,6.77,0
0.69,126.64,0.6,0
0.86,4.99,-2.9,1
0.78,361.72,6.38,0
0.04,267.83,32.9,1
0.48,418.06,15.94,0
0.1,410.69,2.51,1
0.24,421.66,-0.86,0
0.99,242.55,8.3,0
0.14,166.81,41.7,1
0.5,395.78,8.87,0
0.62,225.65,44.35,1
0.7,91.72,16.69,0
0.56,427.49,-0.15,0
0.01,441.28,39.01,1
0.33,233.15,15.32,0
0.52,37.85,29.03,1
0.09,193.91,44.1,1
0.35,401.77,-7.24,0
0.03,450.89,-4.68,1
0.08,101.74,29.63,1
0.4,33.49,5.5,1
0.13,438.68,0.14,1
0.57,194.7,-7.84,0
0.69,270.88,-8.8,0
0.8,484.03,32.6,0
0.2,33.28,-2.61,1
0.17,324.16,15.72,1
0.1,37.05,23.32,1
0.64,187.73,13.56,0
0.71,401.91,-8.51,0
0.03,216.74,33.09,1
0.94,498.59,-9.42,0
0.05,279.53,31.9,1
0.54,160.58,39.13,1
0.71,110.06,13.81,0
0.87,175.26,19.45,0
0.71,186.27,16.23,0
0.8,34.36,11.41,1
0.34,184.79,38.81,1
0.81,232.12,39.17,1
0.08,361.37,8.47,1
0.89,328.36,23.83,0
0.55,354.38,40.98,1
0.82,4.18,42.91,1
0.45,108.83,17.99,0
0.64,330.84,14.91,0
0.53,241.99,5.33,0
0.73,2.66,42.74,1
0.08,402.25,-2.15,1
0.06,386.4,21.89,1
0.25,274.21,5.54,0
0.16,33.23,5.35,1
0.87,383.26,12.27,0
0.22,291.86,44.93,1
0.98,390.98,-6.98,0
0.34,375.87,21.82,0
0.18,401.5,-5.46,1
0.79,259.0,-1.5,0
0.66,70.16,14.18,0
0.5,335.58,18.08,0
0.56,310.24,4.23,0
0.72,371.13,7.41,0
0.23,84.94,-5.22,0
1.0,97.49,6.68,0
0.97,445.2,43.16,1
0.65,374.99,41.96,1
0.2,454.11,8.42,0
0.68,379.36,21.4,0
0.07,298.58,40.03,1
0.03,327.07,-9.66,1
0.26,444.56,34.59,0
0.46,289.4,42.16,1
0.87,316.2,-4.98,0
0.73,78.24,-1.12,0
0.74,236.96,42.84,1
0.43,358.2,19.56,0
0.35,135.47,-9.22,0
0.37,101.13,4.17,0
0.99,156.91,14.75,0
0.04,120.75,28.11,1
0.87,107.46,30.32,0
0.58,212.43,44.75,1
0.44,453.92,5.81,0
0.73,253.53,19.6,0
0.49,93.96,19.33,0
0.87,38.49,12.31,1
0.9,348.08,-0.7,0
0.42,191.4,43.76,1
0.28,410.92,36.93,1
0.59,329.76,17.41,0
0.91,398.12,23.18,0
0.21,135.97,2.5,0
0.62,346.18,19.91,0
0.63,132.03,28.22,0
0.73,469.53,18.33,0
0.13,318.19,44.47,1
0.72,162.26,23.62,0
0.91,134.76,10.4,0
0.18,95.46,32.47,1
0.24,347.32,-0.62,0
0.97,109.36,11.15,0
0.18,297.65,9.08,1
0.85,132.32,13.75,0
0.49,330.98,33.0,0
0.25,407.47,16.63,0
0.87,389.01,33.67,0
0.45,380.43,21.71,0
0.51,93.86,8.81,0
0.36,44.19,34.55,1
0.59,349.47,3.11,0
0.16,184.17,2.34,1
0.39,216.17,17.75,0
0.97,15.57,4.35,1
0.26,129.79,-9.5,0
0.66,16.84,25.66,1
0.33,439.59,18.11,0
0.77,121.7,14.5,0
0.13,278.67,43.18,1
0.97,19.49,21.42,1
0.45,333.42,37.49,1
0.24,161.51,-2.33,0
0.07,448.96,21.31,1
0.17,444.06,37.74,1
0.52,162.65,22.07,0
0.34,450.48,29.49,0
0.83,498.08,10.46,0
0.43,412.71,-4.92,0
0.25,422.44,15.18,0
0.62,124.5,11.7,0
0.71,288.35,37.69,1
0.17,33.63,3.42,1
0.17,47.46,43.17,1
0.04,499.45,42.7,1
0.74,163.32,3.62,0
0.66,374.09,9.14,0
0.47,403.33,39.26,1
0.84,429.01,43.16,1
0.81,498.81,14.39,0
0.59,120.75,7.65,0
0.87,20.18,18.94,1
0.21,205.6,27.83,0
0.11,65.04,5.04,1
0.27,11.21,30.51,1
0.06,180.21,-7.16,1
0.53,391.87,-7.29,0
0.94,283.09,11.25,0
0.04,156.39,9.44,1
0.12,327.17,7.36,1
0.45,116.01,17.01,0
0.93,7.19,7.64,1
0.32,382.18,0.57,0
0.51,311.87,7.02,0
0.04,381.15,43.62,1
0.15,19.47,12.61,1
0.99,418.56,14.46,0
0.97,309.76,21.71,0
0.0,281.7,44.08,1
0.95,312.31,3.29,0
0.64,432.22,27.47,0
0.87,293.47,29.38,0
0.45,290.48,23.4,0
0.52,495.34,-5.13,0
0.49,378.37,27.23,0
0.67,221.15,-6.47,0
0.14,353.7,22.79,1
0.03,194.62,30.68,1
0.31,114.44,1.6,0
0.7,298.43,36.29,1
0.2,464.09,-8.33,0
0.67,464.57,36.41,1
0.97,170.95,15.32,0
0.09,263.84,1.97,1
0.67,105.82,-2.64,0
0.44,497.82,42.43,1
0.87,490.56,-6.0,0
0.18,324.75,0.95,1
0.69,402.21,9.13,0
0.84,357.55,24.11,0
0.94,296.58,19.96,0
0.68,26.67,-3.09,1
0.5,227.38,5.94,0
0.62,337.39,3.13,0
0.87,338.77,1.74,0
0.57,186.56,12.61,0
0.03,470.85,28.72,1
0.93,83.68,1.96,0
0.69,250.18,10.17,0
0.68,345.44,11.5,0
0.22,348.57,43.71,1
0.66,324.32,42.51,1
0.39,137.64,34.01,0
0.65,78.1,3.29,0
0.11,317.97,-6.26,1
0.66,299.65,7.43,0
1.0,89.68,4.67,0
0.05,352.57,17.83,1
0.98,227.59,32.78,0
0.41,333.88,37.21,1
0.87,418.68,36.47,1
0.78,84.86,9.78,0
0.57,9.57,27.8,1
0.74,389.55,7.21,0
0.88,304.85,-6.65,0
0.4,349.82,28.59,0
0.33,419.08,-9.46,0
0.67,401.41,12.51,0
0.81,480.46,8.12,0
0.76,267.97,28.14,0
0.8,244.25,32.14,0
0.44,200.94,6.73,0
0.82,76.85,34.64,0
0.12,286.3,6.17,1
0.54,138.51,14.55,0
0.01,460.65,29.99,1
0.32,291.6,28.11,0
0.37,296.42,44.31,1
0.4,177.46,2.38,0
0.7,25.99,26.43,1
0.39,15.87,23.53,1
0.45,211.67,40.33,1
0.24,42.28,-1.4,1
0.37,303.42,31.35,0
0.23,440.49,21.25,0
0.07,441.46,5.11,1
0.6,329.52,16.09,0
0.67,105.62,8.36,0
0.62,431.5,21.86,0
0.46,443.05,38.9,1
0.38,98.33,21.31,0
0.86,368.71,24.74,0
0.52,143.26,18.53,0
0.48,401.32,-7.19,0
0.03,498.62,2.81,1
0.34,15.01,17.06,1
0.38,448.68,7.06,0
0.4,311.32,-0.0,0
0.58,486.69,17.73,0
0.53,232.5,7.75,0
0.61,423.69,4.2,0
0.76,31.2,15.52,1
0.81,167.64,-2.67,0
0.72,33.51,41.03,1
0.96,487.67,37.72,1
0.02,408.49,28.92,1
0.2,426.27,-4.16,0
0.01,468.98,32.67,1
0.65,42.55,34.44,1
0.9,192.8,32.23,0
0.24,35.52,-3.73,1
0.93,105.4,25.41,0
0.06,114.68,35.89,1
0.93,234.55,21.75,0
0.35,134.28,25.55,0
0.1,50.49,15.21,1
0.49,83.75,19.08,0
0.26,73.64,-8.11,0
0.28,486.54,25.14,0
0.31,379.65,-5.52,0
0.8,483.88,13.93,0
0.54,219.87,6.1,0
0.31,139.18,20.0,0
0.61,399.15,-2.66,0
0.72,163.13,28.04,0
0.27,149.69,33.73,0
0.41,116.25,-1.02,0
0.12,64.84,-4.26,1
0.18,128.23,-2.0,1
0.68,177.66,38.24,1
0.18,337.0,19.05,1
0.53,31.28,15.7,1
0.71,105.25,-4.13,0
0.11,404.51,25.73,1
0.57,73.46,37.74,1
0.26,171.32,35.55,1
0.96,432.33,24.43,0
0.48,77.46,-5.86,0
0.81,41.37,-3.82,1
0.55,242.27,-7.29,0
0.04,151.21,4.16,1
0.63,281.7,-2.54,0
0.95,401.9,4.3,0
0.6,68.57,11.18,0
0.82,290.35,41.86,1
0.88,252.75,23.57,0
0.23,72.04,35.92,1
0.21,312.0,29.07,0
0.61,136.82,-3.81,0
0.41,243.92,30.48,0
0.84,41.14,5.13,1
0.9,229.79,25.15,0
0.35,153.23,8.75,0
0.24,411.19,44.87,1
0.78,28.49,4.5,1
0.27,209.3,5.35,0
0.82,229.22,41.19,1
0.42,362.5,-8.64,0
0.67,287.14,28.32,0
0.1,333.61,29.89,1
0.62,388.52,36.0,1
0.45,431.1,43.59,1
0.59,156.94,43.66,1
0.17,269.01,-6.41,1
0.74,420.05,35.2,1
0.86,494.73,25.55,0
0.22,444.76,25.6,0
0.1,185.73,-2.94,1
0.02,97.58,25.76,1
0.64,244.7,44.04,1
0.61,370.82,40.15,1
0.55,246.28,14.15,0
0.23,241.59,-7.8,0
0.39,419.12,9.93,0
0.59,180.7,35.45,1
0.5,429.9,28.58,0
0.99,203.4,15.26,0
0.14,164.12,-6.97,1
0.7,226.99,13.48,0
0.4,381.22,15.8,0
0.43,63.0,41.07,1
0.72,98.21,25.26,0
0.69,475.72,7.14,0
0.99,87.75,18.89,0
0.13,283.86,-6.37,1
0.1,289.66,43.49,1
0.72,244.81,9.8,0
0.58,322.37,16.28,0
0.27,114.91,9.54,0
0.08,276.33,27.54,1
0.09,186.09,26.42,1
0.89,330.83,29.34,0
0.19,70.61,4.75,1
0.32,285.44,7.36,0
0.23,92.64,-3.11,0
0.35,139.32,26.05,0
0.07,109.35,-7.81,1
0.52,91.42,22.87,0
0.07,412.86,37.83,1
0.8,142.85,39.0,1
0.23,463.56,14.7,0
0.54,484.96,15.26,0
0.88,285.63,-5.77,0
0.65,71.5,26.89,0
0.53,187.27,35.17,1
0.32,398.87,3.46,0
0.33,183.7,13.17,0
0.67,43.51,36.14,1
0.99,278.39,38.24,1
0.66,422.56,3.37,0
0.56,397.96,20.28,0
0.73,87.56,0.59,0
0.47,336.38,-4.4,0
0.06,110.25,40.11,1
0.56,109.1,35.13,1
0.96,437.04,31.8,0
0.18,124.83,-7.32,1
0.69,131.62,36.41,1
0.2,0.33,14.09,1
0.54,435.33,8.83,0
0.1,396.3,20.06,1
0.45,313.66,-4.98,0
0.76,375.13,31.62,0
0.35,76.02,22.03,0
0.66,229.16,0.26,0
0.8,175.61,0.35,0
0.93,46.89,0.13,1
0.23,243.07,-6.86,0
0.4,460.37,22.33,0
0.15,20.03,36.22,1
0.99,145.73,-9.04,0
0.93,103.77,-7.3,0
0.54,119.07,21.5,0
0.84,454.22,35.07,1
0.52,234.03,7.97,0
0.62,233.15,9.23,0
0.09,380.29,22.8,1
0.76,77.25,5.08,0
0.13,243.63,-8.54,1
0.83,214.99,30.44,0
0.78,298.46,24.41,0
0.71,499.78,21.94,0
0.04,384.72,30.79,1
0.3,198.93,27.14,0
0.26,413.78,1.32,0
0.36,85.35,9.39,0
0.09,15.23,-3.06,1
0.94,102.22,-2.86,0
0.55,170.21,27.19,0
0.31,255.29,37.22,1
0.4,307.56,42.95,1
0.45,455.3,24.56,0
0.6,254.93,0.13,0
0.52,250.64,-4.19,0
0.92,25.12,34.71,1
0.5,17.46,21.83,1
0.99,275.58,24.01,0
0.85,219.09,32.98,0
0.21,419.59,28.68,0
0.93,80.34,35.9,1
0.12,12.49,-6.91,1
0.82,224.52,31.11,0
0.38,118.74,36.8,1
0.88,24.81,5.74,1
0.87,362.3,25.22,0
0.81,55.8,7.28,0
0.79,304.16,42.69,1
0.3,140.52,-8.16,0
0.08,86.75,21.89,1
0.4,189.88,-0.84,0
0.17,400.72,29.17,1
0.69,196.05,-0.33,0
0.35,375.38,2.95,0
0.98,62.74,17.19,0
0.64,386.39,40.32,1
0.82,118.47,1.64,0
0.13,338.7,-2.07,1
0.86,282.89,31.74,0
0.92,464.57,17.53,0
0.49,193.66,40.15,1
0.61,33.08,-1.94,1
0.76,9.58,25.53,1
0.17,413.43,2.81,1
0.5,262.37,-1.38,0
0.4,387.62,27.59,0
0.15,117.21,22.65,1
0.37,172.54,31.52,0
0.07,15.05,7.02,1
0.03,480.75,14.64,1
0.14,333.93,12.3,1
0.96,466.6,44.12,1
0.55,132.75,6.07,0
0.97,305.73,6.21,0
0.43,339.25,9.5,0
0.31,158.77,21.05,0
0.51,424.05,3.88,0
0.44,473.58,40.34,1
0.11,442.43,4.61,1
0.64,369.53,39.27,1
0.22,138.73,-4.31,0
0.62,140.81,26.11,0
0.65,481.68,39.88,1
0.15,5.14,-0.72,1
0.06,358.02,43.26,1
0.78,353.12,14.91,0
0.46,311.34,42.01,1
0.06,495.05,27.23,1
0.99,155.94,6.59,0
0.06,169.99,0.36,1
0.7,39.47,6.71,1
0.98,221.4,-4.88,0
0.24,130.52,-2.09,0
0.14,171.69,-4.24,1
0.12,417.29,13.26,1
0.3,467.74,33.76,0
0.1,92.87,-2.22,1
0.69,186.25,-2.83,0
0.06,464.32,25.39,1
0.51,30.9,0.85,1
1.0,46.18,-4.63,1
0.81,81.4,-0.82,0
0.62,297.61,40.81,1
0.31,75.24,35.18,1
0.62,484.04,9.47,0
0.53,223.36,26.07,0
0.43,250.76,19.55,0
0.13,123.33,27.24,1
0.89,235.48,27.55,0
0.45,330.96,24.58,0
0.19,375.59,4.64,1
0.37,376.93,-7.85,0
0.41,288.95,15.06,0
0.83,452.18,39.0,1
0.73,408.7,21.32,0
0.77,378.52,35.78,1
0.01,27.8,44.54,1
0.42,3.44,-1.0,1
0.48,106.22,28.05,0
0.02,331.76,27.09,1
0.26,205.6,43.9,1
0.76,201.2,44.21,1
0.14,442.29,27.77,1
0.54,447.78,3.4,0
0.22,454.59,33.92,0
0.01,156.94,-4.11,1
0.24,345.53,32.94,0
0.98,135.82,40.06,1
0.8,95.3,11.06,0
0.96,92.32,24.68,0
0.49,171.05,13.66,0
0.11,214.98,14.08,1
0.55,415.47,7.07,0
0.45,59.95,31.92,0
0.84,367.46,41.49,1
0.1,265.73,41.74,1
0.49,143.97,-0.39,0
0.15,246.41,38.11,1
0.32,149.97,30.56,0
0.74,298.04,3.91,0
0.48,216.92,-6.3,0
0.38,82.2,4.74,0
0.39,58.29,40.17,1
0.46,273.35,24.82,0
0.79,451.21,29.66,0
0.89,171.98,4.14,0
0.96,366.5,29.57,0
0.79,329.33,-8.45,0
0.32,465.78,10.64,0
0.69,410.49,24.47,0
0.44,283.3,-1.96,0
0.25,328.52,35.27,1
0.84,449.19,2.93,0
0.04,199.76,25.88,1
0.9,163.4,12.29,0
0.46,5.41,22.78,1
0.64,413.28,-4.09,0
0.66,400.49,-9.07,0
0.9,52.23,40.03,1
0.64,288.43,4.83,0
0.61,231.99,35.08,1
0.07,59.35,44.96,1
0.52,490.28,1.63,0
0.15,107.35,4.58,1
0.74,33.62,26.46,1
0.51,297.42,43.1,1
0.68,369.43,40.37,1
0.04,16.22,17.66,1
0.08,329.36,33.73,1
0.72,266.15,-2.53,0
0.07,51.63,43.76,1
0.07,86.26,43.04,1
0.01,283.99,-0.99,1
0.96,148.18,6.47,0
0.74,469.16,-4.49,0
0.35,409.37,4.94,0
0.3,491.78,34.88,0
0.35,129.84,10.81,0
0.77,484.86,-5.14,0
0.66,215.62,8.82,0
0.19,173.76,43.98,1
0.17,25.17,24.63,1
0.1,26.38,12.89,1
0.66,346.01,-0.84,0
0.76,228.96,44.24,1
0.27,113.26,35.15,1
0.02,306.99,5.48,1
0.08,126.43,-6.15,1
0.97,288.82,-6.89,0
0.3,179.6,-3.38,0
0.77,411.78,21.94,0
0.62,410.35,41.08,1
0.38,238.68,17.32,0
0.21,175.41,36.36,1
0.12,181.28,14.52,1
0.62,402.86,28.97,0
0.77,164.09,30.25,0
0.64,104.53,-0.43,0
0.53,42.34,9.87,1
0.04,233.35,25.05,1
0.97,241.07,-6.11,0
0.8,420.45,9.88,0
0.29,110.62,19.41,0
0.98,190.5,44.79,1
0.6,404.2,16.1,0
0.58,411.81,34.88,0
0.75,192.31,13.76,0
0.81,229.56,33.8,0
0.66,151.64,22.75,0
0.13,466.28,38.76,1
0.34,59.32,12.6,0
0.93,466.87,23.24,0
0.22,341.93,24.65,0
0.37,265.79,12.96,0
0.43,16.33,-2.06,1
0.44,237.8,-4.85,0
0.61,203.87,-9.08,0
0.94,80.61,38.04,1
0.24,328.2,3.01,0
0.12,485.58,1.63,1
0.2,281.09,30.48,0
0.89,357.38,7.6,0
0.65,34.23,17.83,1
0.29,208.83,-1.06,0
0.82,58.18,42.79,1
0.86,306.4,36.84,1
0.85,469.24,37.51,1
0.92,330.89,12.37,0
0.25,38.4,31.93,1
0.76,177.33,-2.09,0
0.46,275.33,-9.53,0
0.84,201.6,-8.9,0
0.73,416.82,22.26,0
0.78,407.34,15.05,0
0.66,305.92,18.49,0
0.18,186.73,-9.59,1
0.55,127.67,13.25,0
0.98,52.94,29.49,0
0.94,177.45,14.35,0
0.04,206.59,30.27,1
0.16,337.91,2.82,1
0.13,329.08,34.72,1
0.73,35.05,22.36,1
0.82,197.63,1.59,0
0.21,90.89,3.02,0
0.51,78.41,24.54,0
0.84,413.65,35.65,1
0.73,20.96,12.86,1
0.54,209.59,4.21,0
0.59,84.1,37.69,1
0.51,439.67,26.81,0
0.3,278.52,14.64,0
0.57,115.69,16.83,0
0.69,251.21,1.23,0
0.87,365.74,24.47,0
0.64,479.06,9.73,0
0.76,110.22,44.76,1
0.16,443.09,16.41,1
0.46,467.15,16.72,0
0.01,458.21,21.12,1
0.25,317.71,40.42,1
0.73,314.91,34.04,0
0.99,201.61,14.81,0
0.1,376.2,29.53,1
0.4,265.65,22.24,0
0.8,338.72,17.08,0
0.2,214.23,0.58,0
0.56,365.75,15.52,0
0.73,412.24,3.52,0
0.62,73.22,40.32,1
0.19,416.46,8.45,1
0.36,270.15,42.37,1
0.78,422.33,19.32,0
0.55,215.65,24.73,0
0.01,189.52,19.86,1
0.76,457.53,-2.88,0
0.04,125.58,10.67,1
0.75,422.11,-4.55,0
0.2,242.01,24.26,0
0.96,257.05,14.58,0
0.37,154.23,32.79,0
0.33,286.52,2.13,0
0.15,162.61,-0.95,1
0.31,19.63,12.35,1
0.88,136.0,40.96,1
1.0,3.19,29.07,1
0.37,489.18,13.04,0
0.45,482.87,18.45,0
0.72,197.58,-5.37,0
0.89,364.19,44.15,1
0.59,172.9,26.65,0
0.39,335.55,5.7,0
0.41,402.72,22.22,0
0.7,473.38,-3.98,0
0.0,200.11,43.12,1
0.62,391.65,-0.39,0
0.36,132.96,25.64,0
0.79,495.17,3.5,0
0.09,12.88,29.47,1
0.59,301.76,32.73,0
0.48,329.75,27.04,0
0.64,344.02,23.8,0
0.06,60.19,39.09,1
0.58,469.26,-5.68,0
0.56,90.59,8.2,0
0.56,311.38,3.66,0
0.6,111.34,44.34,1
0.68,153.61,11.42,0
0.8,273.23,30.29,0
0.27,208.6,27.66,0
0.83,80.11,1.66,0
0.5,85.47,3.14,0
0.08,209.07,5.47,1
0.06,378.64,12.61,1
0.33,448.98,2.89,0
0.78,42.06,-8.92,1
0.71,196.55,38.37,1
0.79,50.12,43.11,1
0.52,8.3,8.79,1
0.44,330.86,8.62,0
0.15,301.22,-9.61,1
0.33,81.51,27.41,0
0.43,116.91,35.4,1
0.09,11.85,-1.94,1
0.22,417.47,-1.22,0
0.6,487.35,33.45,0
0.74,67.73,23.9,0
1.0,115.74,-7.53,0
0.93,434.2,24.24,0
0.64,463.23,6.99,0
0.42,209.81,10.28,0
0.64,25.31,32.34,1
0.79,19.7,34.6,1
0.12,286.97,12.02,1
0.41,196.45,42.09,1
0.84,14.33,12.36,1
0.38,291.63,32.45,0
0.57,5.65,16.61,1
0.59,393.69,39.36,1
0.18,153.22,39.93,1
0.36,20.13,-5.19,1
0.33,294.18,41.51,1
0.03,198.84,35.4,1
0.02,486.9,33.52,1
0.83,272.1,1.05,0
0.27,137.62,34.28,0
0.52,354.72,36.76,1
0.3,135.75,5.9,0
0.94,452.12,42.37,1
0.26,187.36,-7.26,0
0.43,274.93,-1.75,0
0.87,25.29,19.57,1
0.84,213.06,21.67,0
0.19,416.18,25.48,1
0.8,402.82,-9.07,0
0.46,112.16,42.82,1
0.48,113.04,-7.55,0
0.13,408.65,-2.13,1
0.08,465.2,-9.23,1
0.73,47.68,21.18,1
0.5,225.03,41.27,1
0.44,168.73,26.63,0
0.73,435.34,35.25,1
0.77,41.76,-9.27,1
0.16,105.56,19.81,1
0.61,376.23,15.28,0
0.14,25.65,17.44,1
0.75,246.27,-6.03,0
0.66,221.05,27.64,0
0.96,167.2,17.68,0
0.07,197.29,32.08,1
0.06,264.97,16.69,1
0.28,80.68,-1.78,0
