Region,Tree_Species,CO2_Absorption,Growth_Rate,Shade_Tolerance
Arid,Mango,159.07521910493534,1.9320316544853948,0.7441639915921456
Temperate,Acacia,165.87263737428717,1.8462924036998518,0.9140965617098761
Temperate,Oak,52.927974450598775,2.069877271247669,0.8393860822759455
Tropical,Acacia,56.41664188315501,1.5676937020371657,0.8323973913558417
Tropical,Neem,166.41719527846624,2.126202390630604,0.3422245741162274
Temperate,Teak,176.01807632161743,2.7723656068989952,0.33677322135048116
Tropical,Mango,111.15678972727254,2.83960726361141,0.986690965483862
Tropical,Acacia,175.55466843516908,2.5480443534326636,0.5233872186176074
Coastal,Oak,149.80657612376652,1.0740821931687785,0.7385700882765939
Tropical,Bamboo,111.8016849789318,1.7287217796002412,0.808148503193491
Temperate,Mahogany,184.83362266948708,1.3772294568625472,0.54410054158738
Arid,Neem,10.889881956538758,1.0313254419066942,0.17811649149067255
Tropical,Mahogany,104.33508525870171,2.0522477290173997,0.18062582985853626
Arid,Pine,96.11220478248745,1.324496360600428,0.28632712163701535
Temperate,Bamboo,27.06247275257054,0.9119549067163033,0.1798814370755598
Temperate,Teak,39.862591041471646,0.7609607857157581,0.17226202128352353
Coastal,Mahogany,32.44991164916595,0.8404232157854847,0.7577835311741825
Temperate,Mahogany,176.11133329522227,2.070448022153639,0.9837250594408101
Mountain,Teak,147.0620866745433,2.616389683049654,0.9688702322323038
Temperate,Acacia,199.21755795149667,1.5758481299297074,0.10118643886009959
Arid,Pine,117.76664051645173,1.4424082046586708,0.9711936209257828
Temperate,Teak,109.58381126938662,0.6036271172282575,0.7543411770208449
Temperate,Neem,156.43655265321718,1.866566200687317,0.7451472443197785
Arid,Pine,186.186208968247,0.7139101245870909,0.7203876805627775
Temperate,Mahogany,184.1211389533459,1.5299247681467003,0.9990756365781184
Mountain,Acacia,147.70700131008243,1.4503816705183272,0.3356626561309829
Mountain,Mango,118.67112351630408,1.530247085438636,0.5545032649444394
Mountain,Bamboo,137.86401961755533,1.6459673011686242,0.7741955688339038
Mountain,Bamboo,56.62195264651938,2.4602079785633304,0.4925043395179016
Arid,Bamboo,70.31035711072035,2.3683932560631478,0.7019743985084993
Temperate,Teak,135.2001450732494,2.6190448528421473,0.13205459399962338
Arid,Mango,99.04465244716204,0.8344907375430645,0.46953110780989904
Arid,Mango,107.24402384788714,1.2245393575588506,0.9592409747575652
Temperate,Acacia,27.37381064903485,1.9135871009698928,0.1465801972519799
Tropical,Neem,188.5969745064385,0.89597606961879,0.08233318423591618
Coastal,Acacia,77.5066130356281,1.672156821345376,0.5969833321091511
Coastal,Bamboo,157.87533228091394,1.5777170092259059,0.792889308506346
Mountain,Mahogany,181.58688535745972,1.6114019986389978,0.6598107117523008
Tropical,Oak,114.39334387671569,1.5101669121156633,0.6694681787353938
Arid,Teak,10.344992567060375,0.9895633363646743,0.8133579774164504
Coastal,Mango,156.61904770039766,1.971145174367051,0.16492796286816558
Tropical,Mahogany,191.35232689092928,2.2939580178744534,0.7565267851282949
Coastal,Teak,86.52273446736979,1.5179850281228355,0.02918986377473909
Coastal,Oak,37.377688167242326,2.832679289261274,0.062054921208926306
Tropical,Oak,180.48028901538288,2.0086078081465804,0.6551370982618078
Tropical,Neem,134.63017004733416,1.3004997445307347,0.8713337720893546
Temperate,Pine,197.30614659658767,1.4858099735520747,0.7585318737588562
Coastal,Bamboo,130.93509608746655,1.0473499241649502,0.019550575664193715
Arid,Mahogany,140.82007291131782,0.7689595114883353,0.7266226639473419
Temperate,Mango,168.35273305886494,1.7363932449823296,0.5248175908454152
Tropical,Pine,165.78563794358763,1.8136195854314932,0.2789787256989611
Arid,Bamboo,40.03667136216666,0.8944653631780964,0.07284038085227562
Arid,Mango,24.415565516772837,2.544909593888283,0.9505813149935347
Temperate,Bamboo,134.1241783888285,2.8921167772880776,0.031587046250229456
Mountain,Mango,37.17886504964657,2.1838913490162684,0.7943443173664417
Arid,Pine,150.1200097724002,2.079721081376904,0.03751969513622022
Mountain,Pine,40.67828557157471,1.9845369322850548,0.0052676302048555446
Arid,Acacia,109.26457205669969,2.0813289541944324,0.9553173428547966
Arid,Acacia,42.17620867820541,2.776223214146897,0.327975955293632
Tropical,Pine,199.15667179579066,0.8044044357627179,0.38569259524342925
Coastal,Oak,95.37483958458682,1.10724488499468,0.1666644918104021
Temperate,Oak,187.09585942886167,1.132467365884365,0.8966709846307834
Coastal,Mahogany,101.5638375552957,1.8632141229929893,0.3783832946242027
Coastal,Pine,184.30714223258198,1.1594964422735892,0.90394410786072
Tropical,Oak,153.90624269410657,0.9609826111086179,0.5354476560420794
Coastal,Oak,178.2979584066986,1.6908622373061748,0.8244332240068745
Coastal,Mahogany,112.33142932450214,0.6552536091303427,0.6640609144129673
Temperate,Teak,160.40738914029117,2.925883434657063,0.22330396488818116
Coastal,Acacia,89.23456179331558,2.8704888825282477,0.8620687895399672
Mountain,Mahogany,133.7628856116022,2.4496429449440833,0.696226138421575
Arid,Acacia,10.273110175889613,1.2087345358065824,0.6568900549221516
Coastal,Mahogany,43.51877774221457,1.550042683642196,0.7670119808077333
Mountain,Mahogany,86.57242474680125,1.2010384373907619,0.7081699330625038
Arid,Neem,159.4755166427908,0.8477597078407149,0.9880588307230205
Temperate,Neem,48.11070336451536,1.2214181156077581,0.9580249713816797
Temperate,Bamboo,157.8221080498593,2.470507687889776,0.34506829104347314
Mountain,Neem,174.45513651624393,2.388780925225562,0.13108604025876647
Tropical,Acacia,192.36810328282442,2.963502040760583,0.740422835540283
Arid,Oak,150.16749876377673,2.8221592632565358,0.3788741453710077
Temperate,Neem,131.4428084162099,2.270006054800074,0.4823141994916883
Mountain,Bamboo,123.29694279348965,2.926005348712974,0.6851933780704943
Tropical,Mango,29.730400041560156,2.8076229721154524,0.1665151681011814
Tropical,Neem,131.88834843869358,2.310958525968346,0.5982277079959648
Tropical,Neem,111.38411728697217,2.5880976928717128,0.27496477601330616
Temperate,Bamboo,61.32731806812926,1.8273911233209823,0.009914976053470248
Arid,Bamboo,110.19661080872787,1.6727725098671327,0.3005091471342851
Tropical,Teak,101.91844051633919,2.619000485073262,0.6453176588259184
Coastal,Neem,21.91824742767293,2.1885260537639377,0.8261646787774445
Coastal,Mahogany,146.93641231620998,1.29818647084948,0.13294790654722122
Coastal,Acacia,179.56926306699776,1.2228209152133644,0.8491313619368727
Coastal,Oak,113.22821839526846,2.516340680764249,0.10392256034015446
Mountain,Mango,182.8708078125919,1.1559339305176357,0.6543666364995049
Mountain,Mango,176.6750386281167,1.6501969982646036,0.5084206836487064
Coastal,Mahogany,194.35309881013168,2.8274830989388735,0.9787854545125949
Mountain,Acacia,33.96236807705524,2.3636728411018018,0.936706064421258
Tropical,Acacia,134.9066854727089,1.4659147683557956,0.6157851465670584
Coastal,Mango,138.48414416546643,2.331177982525329,0.7177209874965174
Arid,Mahogany,115.04066993553009,0.5560168839292313,0.6998309544150103
Arid,Neem,48.72230170830224,2.145955435917745,0.06428624020917717
Mountain,Mahogany,78.80637016553179,1.895897914565682,0.2529287891055839
Arid,Neem,148.38438428933864,0.5060902302524981,0.21980061673818108
Arid,Acacia,81.91643375346395,1.4946155411696103,0.26467342283431616
Coastal,Bamboo,89.99389521758373,1.8859858273097894,0.7695657056210944
Mountain,Acacia,116.30131428549294,1.6805803542969882,0.6006203698869012
Temperate,Neem,89.90931142956218,2.8638559608772853,0.08691065175536816
Tropical,Pine,199.68402427591786,1.3618065752015611,0.622177821584626
Temperate,Acacia,123.49449062175131,2.8105380081529905,0.5819649748327008
Mountain,Teak,133.73182997369943,0.8051547122587219,0.4461194517273229
Temperate,Bamboo,170.4316520380718,1.499588874108903,0.5264373635591746
Tropical,Acacia,33.2942593269207,2.612388537156296,0.7801201546164003
Tropical,Neem,88.75415945600452,2.994963969554984,0.7705679204013781
Arid,Mahogany,41.53779963115527,1.4970885377357015,0.37781909654691115
Coastal,Mango,65.32237400417183,1.4717180683108948,0.16955989943261285
Coastal,Pine,168.4679040600108,2.762722767290975,0.6534790638873161
Mountain,Acacia,118.28113815294124,0.856016412401605,0.609142582588461
Tropical,Mango,79.17191463619363,0.9062985796824636,0.6491311173448999
Mountain,Pine,170.88256951781392,2.968779186585238,0.9641420980878966
Coastal,Bamboo,197.24205411312047,2.1653181128148327,0.7609133702652736
Tropical,Oak,58.54205488368893,2.3634286805568436,0.5380288675667403
Coastal,Oak,126.0468725644558,2.422510434502557,0.1098161141282672
Mountain,Acacia,143.6881718698189,2.03487981790496,0.9969671832057101
Coastal,Bamboo,86.18319254179265,0.6136824327911407,0.5133864079762966
Coastal,Oak,181.1684679688325,0.8229049075666252,0.5834368975209816
Coastal,Bamboo,44.47673247275086,1.1018101457028144,0.3735678189918378
Arid,Oak,53.266202826297054,1.140809004854255,0.5016295581282805
Coastal,Bamboo,85.08581624869089,2.9261512634455036,0.6258242089832063
Tropical,Pine,189.8019843858166,1.1557550387268916,0.15351729234317468
Arid,Bamboo,55.90391317425312,2.2653726070262348,0.8953076217169365
Temperate,Bamboo,69.97549795675198,2.7201222474714988,0.2210607261305897
Tropical,Mahogany,42.141649860952334,1.7656164219636066,0.7838385037444848
Tropical,Oak,127.37228864444731,2.3593751366904128,0.41079460086958597
Mountain,Mango,102.44282085781474,2.6386672863263074,0.42309423381384037
Temperate,Oak,174.67981096355248,0.9408416954029076,0.4463253033139214
Arid,Teak,136.06732181295024,1.3056229561286552,0.19425446126626889
Tropical,Mahogany,86.6586266572779,2.5895952600206247,0.915498900373251
Temperate,Mahogany,128.33910680568505,1.6010250035157485,0.4669814846750634
Tropical,Bamboo,114.93778872759042,2.988525464634897,0.40929492383910215
Arid,Acacia,41.56848813703543,1.5389621939602611,0.2457469734602422
Temperate,Mango,103.4807834762755,1.371453328443251,0.7080230762749466
Temperate,Neem,41.02616422722318,2.3681237147603826,0.7509730578644335
Arid,Neem,137.97560387639192,0.5413290418575718,0.7001056397658934
Arid,Mango,64.85608544942238,1.704970288204732,0.9338936050237809
Temperate,Mango,45.10670360830407,1.0387125079850918,0.4822033889401197
Mountain,Mango,191.9476472809283,1.4702929608728317,0.5678244944168044
Temperate,Acacia,111.41425315362021,2.6642541659937367,0.4794736724337403
Temperate,Bamboo,42.62989395842986,1.7679980891019027,0.3117896934547172
Temperate,Acacia,182.18847414060227,1.6721407283368594,0.9907662263192503
Coastal,Acacia,147.64115940240617,1.7471378157983646,0.0880150579432073
Coastal,Neem,114.42526965187608,1.518393533806294,0.9705236612639959
Mountain,Pine,55.08531679252357,2.701746915884007,0.1671873815928906
Temperate,Pine,20.32525897044128,1.0523704047806657,0.3510262711346184
Tropical,Pine,155.8684572804198,0.9791276110989893,0.3282325981757517
Tropical,Neem,62.04213465675238,1.5559002308570176,0.20245774304307795
Temperate,Oak,141.70628603442483,2.6303044628249825,0.9653566304428698
Coastal,Bamboo,105.05312904811215,1.0964216425096303,0.0853444328914359
Mountain,Bamboo,22.326275643398446,2.094756711839216,0.7939613452564013
Mountain,Oak,63.593078203936635,1.7089386081677085,0.42180431463905277
Arid,Neem,68.61497156750785,0.7941445965252132,0.5406464082977529
Temperate,Bamboo,156.66351552190963,2.800120042261203,0.3035569050299768
Temperate,Pine,20.654737594406452,1.6617269129169587,0.8170789792329631
Tropical,Mahogany,92.41571876836313,1.2139567414352863,0.9422110946233755
Tropical,Neem,25.496176736990996,1.2905296205876975,0.8647792240548291
Mountain,Acacia,118.63394624474066,2.4586483485295867,0.10146546554893932
Tropical,Mango,30.2374966879693,0.9844019961596266,0.9501346629153475
Coastal,Acacia,149.27753870526436,0.5418523047663768,0.43902254533695395
Tropical,Teak,57.553235723252236,1.5010620797511658,0.41031426702234286
Tropical,Pine,158.46279662022638,0.899988608178895,0.7192109980613892
Tropical,Mahogany,140.51377772521604,0.9137458772611602,0.9397130840462967
Arid,Bamboo,83.67728767394583,2.8049480092588186,0.376542171048989
Tropical,Pine,150.97610267657313,2.7958304782824763,0.49122514642186155
Arid,Mango,44.0008532698448,1.7121530708678097,0.24671402469618953
Coastal,Mahogany,101.415124309142,1.8875727627916863,0.9753386173770386
Temperate,Mahogany,165.0134420384959,2.968651108830098,0.018837607362016562
Coastal,Mango,73.62256008717115,1.8709016709524071,0.4598031981023829
Arid,Neem,58.68572957144832,2.942132160773861,0.9115336509707441
Arid,Bamboo,145.5391867537481,1.3940982694479414,0.4691475998203949
Temperate,Mahogany,37.59077656478049,1.2399432369350412,0.9341103767822021
Arid,Mango,154.2871006784905,2.2984768127891946,0.5915546427425421
Tropical,Neem,111.62295337225045,1.3616940127112693,0.24348092442940816
Coastal,Mahogany,55.75943862211988,2.0484248116149137,0.9771685022632487
Tropical,Pine,72.70528966204546,2.3495899134845963,0.6458303593892044
Arid,Pine,194.2522313031723,1.8710696460248997,0.5369354647079646
Tropical,Mahogany,78.21557967966444,1.8006522076544553,0.48031197532476977
Arid,Mango,131.12370393384572,2.810985471292982,0.22177290283794426
Temperate,Pine,98.58999060670665,0.9362793097703046,0.47986418282163523
Tropical,Mango,170.63817754138353,1.9706380925115008,0.4557731026964993
Temperate,Oak,33.676058047675426,2.5565307259399326,0.6823369795926968
Coastal,Neem,15.501926707416366,2.838376445128718,0.6626153153593203
Coastal,Oak,146.59698114020043,1.5376215146177812,0.3902622088274198
Temperate,Teak,190.20840297234315,1.3775183668394828,0.012026020049642594
Tropical,Acacia,57.13729835126693,0.5652173784120663,0.34129031772881024
Temperate,Mahogany,123.70150082645068,2.749731053297634,0.27425825608836263
Arid,Bamboo,58.5450923606514,0.912467996682564,0.9432759553998328
Arid,Teak,155.69570063153876,2.882941015900963,0.18281916585386027
Tropical,Neem,37.1206861294793,2.0138761728525787,0.7312731092419121
Tropical,Neem,33.89279494802826,1.9900308657067227,0.20770585169582767
Mountain,Oak,133.1509392706824,1.1479732728380778,0.5604554230202397
Coastal,Neem,74.74628410198807,2.467102900459124,0.6634186982225696
Coastal,Pine,144.25018367964853,1.3387316499601059,0.7185472322472024
Mountain,Mango,168.23067410942693,0.9941014410174862,0.4094412439597289
Arid,Bamboo,194.43297354284462,2.5860475481174943,0.04419357559496151
Tropical,Neem,56.591203717076596,1.0494128164605672,0.8055051221907457
Coastal,Acacia,171.81187165259766,1.212466508143006,0.5463522491158394
Tropical,Teak,119.96634610764603,0.9250855204275039,0.53552409387892
Tropical,Neem,196.87048219629847,2.8770157912235295,0.8467038000445316
Mountain,Mahogany,46.055665116888726,1.9178085578476556,0.6862644590425615
Mountain,Teak,90.44486189921427,1.9720049468972727,0.883405110354963
Coastal,Mahogany,98.13964884158932,2.1370776762018084,0.3638262771278362
Temperate,Mango,164.68650579992618,1.327759314743017,0.2605775004314723
Tropical,Pine,95.29028892630942,0.5551839175260332,0.2369189974194279
Tropical,Neem,109.2475175237213,1.3832774330034816,0.23139833822491318
Tropical,Mahogany,125.43682426081274,2.1096990236143984,0.14357446388616102
Arid,Mahogany,91.6643491845896,2.4432134153302565,0.08172670897289347
Temperate,Neem,198.4242664784836,2.3611385659385067,0.8928807132830014
Arid,Teak,48.15628420960868,1.1028641659883371,0.9095164366652165
Arid,Bamboo,174.53706452596967,0.8968670415856521,0.4543230074137772
Temperate,Teak,19.41952129017778,1.9707741311366749,0.9923794198855415
Tropical,Neem,151.42385448477444,2.08283933547353,0.6658197597654809
Mountain,Acacia,11.434907339551337,1.5122247118226901,0.6634986638915239
Mountain,Neem,148.81760033390546,2.0720994279229705,0.07751269714049969
Mountain,Mango,140.3870609846193,1.8412375322125376,0.1270747698058824
Arid,Acacia,127.73998251391659,0.9665037608694822,0.8767828587677144
Arid,Mahogany,111.76714839861224,0.8194772392422738,0.14747038982036398
Arid,Pine,34.36257796539004,0.6406933806321392,0.8574258266917336
Tropical,Acacia,119.16688534123999,2.7636837824861296,0.5129778739166609
Temperate,Mahogany,11.125426790018482,1.8437778361431063,0.46199234354600516
Arid,Bamboo,81.59993266110209,0.7498995739631604,0.7025181053249664
Coastal,Mahogany,145.30680304411604,2.512603012169737,0.37737549002854587
Arid,Pine,64.73386456453721,1.7980217686756466,0.5129793561227363
Temperate,Mango,68.50005561150532,1.6278053736742506,0.8684883978913546
Mountain,Bamboo,186.31462927476966,2.681929769159278,0.6619346234252859
Mountain,Neem,71.57562879965582,0.9451999270898634,0.1822434592447293
Tropical,Teak,140.21233913665066,2.7184791474313275,0.8423480999469254
Arid,Pine,12.7942682692197,2.2869213999680658,0.7098181834081643
Temperate,Teak,147.4692558975712,2.5876289684799127,0.0584808609526013
Mountain,Mango,155.81064359127032,0.6873531121692557,0.7363236705120576
Coastal,Bamboo,160.9787506038408,2.589408258204984,0.1711306356486325
Temperate,Acacia,137.46016989886476,0.6403694033840963,0.16028994857041223
Arid,Oak,191.06809227525846,1.297480295378836,0.5549437507670915
Temperate,Bamboo,171.47106610524904,1.5842917068261684,0.9657568589401986
Mountain,Neem,118.68365292170874,2.0718710450915987,0.2562009372392764
Coastal,Mahogany,31.250103234273958,1.867492620469929,0.8451422908932695
Arid,Mango,136.32832831094174,2.2950003842224795,0.5413564278059697
Tropical,Acacia,70.08790950133354,0.5005756356131028,0.18689580783957604
Tropical,Acacia,23.791397204321818,2.3407271921568125,0.7602381099713438
Temperate,Teak,177.12405493760284,0.5548540218237176,0.4833740489150007
Arid,Neem,71.77801719697018,1.7874075293560272,0.5278004447145846
Coastal,Oak,112.96012171119219,0.8393904688224492,0.36217373225992466
Arid,Mango,59.40225214557198,1.6941214434831458,0.25119515662653613
Tropical,Bamboo,113.45675157744819,1.1212423747669917,0.9555982014497216
Tropical,Neem,117.9438961961213,1.3948829581159548,0.25001311516544933
Mountain,Neem,22.939794586155514,2.7359092293628575,0.049010778051193804
Mountain,Mahogany,33.26045692104733,2.838592131312931,0.720517686109285
Coastal,Neem,144.47700692347874,2.996003175947311,0.9728209131322254
Mountain,Teak,121.29949049021401,1.3464735271292039,0.6686673507458019
Coastal,Oak,31.725062283396216,1.9216169197394513,0.7571347225081471
Mountain,Neem,40.669881076108595,2.157725807350466,0.05179510558267442
Tropical,Pine,60.69883667280476,1.1391617857972143,0.05447481719059788
Tropical,Mango,129.2113504661259,1.2489455847809867,0.026943212292321106
Tropical,Mahogany,31.193065051627105,2.968428116205778,0.6065392237527777
Tropical,Oak,197.31948269798224,1.2320514783494807,0.20739898907654997
Arid,Pine,79.59024953253207,2.8070426972063327,0.4873443484046456
Tropical,Mango,58.95877610877956,0.9893127799131849,0.2781656921127248
Temperate,Bamboo,61.27250766569092,1.9580765404661686,0.9407386628799659
Coastal,Teak,156.91602607695995,2.0070284632411424,0.08378697248670086
Arid,Oak,109.81261260077456,1.8180295372872917,0.4406170746083523
Arid,Mango,103.00513657673424,1.0337649713020647,0.389038404045401
Temperate,Neem,70.14047863525272,1.471560508226357,0.7606697895205482
Mountain,Oak,76.56779595713871,0.7314350112763602,0.20353476219099342
Arid,Mahogany,91.84506665117014,2.259177888910509,0.6224644675287686
Coastal,Oak,107.82398009702347,2.574556063055962,0.4667801733518947
Coastal,Neem,22.88695681407897,2.5093641448114083,0.6171724248593381
Temperate,Teak,108.99011868722158,2.263077247112794,0.2222238623010464
Mountain,Teak,198.61204511805485,1.4513311750246758,0.5580299212416565
Tropical,Teak,28.952461905413355,1.2701451820999117,0.7161339898735564
Mountain,Teak,87.12430239947727,0.5369611369522777,0.8339863398898038
Tropical,Acacia,18.90985934527653,1.1472819738123818,0.025080715413062338
Arid,Mahogany,58.10254191375003,1.677319800895632,0.23457878299180768
Mountain,Acacia,15.648799959754253,2.6506252925667084,0.05562142664176917
Mountain,Teak,130.0571494993539,1.2233596824759436,0.4677150361243345
Tropical,Oak,136.3175586177701,2.6760888386623063,0.6664370549904032
Arid,Mango,25.866097185179875,0.6425410795392756,0.6196408657260661
Coastal,Mahogany,115.37859102621033,2.927002412377474,0.2689259624761977
Coastal,Acacia,92.76881551360931,0.93184347224482,0.0620333020765268
Tropical,Teak,103.73696214001059,2.031702257909358,0.8591551851805967
Tropical,Mahogany,10.806738178161687,1.6040299230027286,0.2912943561270763
Tropical,Mahogany,112.24076161569602,1.7165817915840502,0.21238440493474953
Coastal,Bamboo,44.34995054640783,1.9636902686822062,0.05296391273266787
Coastal,Neem,171.94262723191596,0.5048456726005064,0.6404127037496135
Temperate,Pine,180.28054313114203,0.6596960150752436,0.5780447691722734
Tropical,Pine,182.01279479028173,1.4695973867591405,0.6372745102267364
Arid,Acacia,138.37877326536136,2.1593615861562907,0.5423893866000432
Coastal,Acacia,133.1759492363446,2.680075704470395,0.29190073379936265
Temperate,Mango,73.81899962258403,1.8727294084533301,0.4266114683823279
Arid,Oak,32.105515337391076,2.0676049531822307,0.9363517150657031
Coastal,Mahogany,198.032050979577,2.628759164084103,0.07861653266500579
Temperate,Teak,108.97217749182596,1.7286186222673572,0.4063449135559488
Arid,Mango,72.70613251688587,0.6804874850116347,0.8945559198564644
Coastal,Acacia,168.73613824974936,2.8386251669843934,0.26053468462481577
Coastal,Pine,14.656725926289397,2.9093765132023743,0.7213294528036532
Coastal,Oak,19.980640445030566,1.2916490866121202,0.6753354344511109
Temperate,Oak,191.67516243589273,2.604350702331962,0.4982501322874251
Tropical,Mango,184.05490103408016,2.0920363206890187,0.25741086475032804
Tropical,Teak,108.76075755220194,2.9849264542995804,0.8157907313425163
Tropical,Pine,99.97858119552647,0.5046097046141333,0.47826764125071153
Arid,Acacia,61.2151527306432,1.5722009548251445,0.8140219613979542
Mountain,Teak,150.70641373109797,2.564307865517119,0.11518119868700039
Temperate,Bamboo,149.3639740340975,0.933051696759027,0.4326205776333353
Temperate,Pine,93.18792041123548,0.7532408337084646,0.44613372931299033
Tropical,Acacia,77.09351232183093,2.152577770974273,0.12968559908768906
Coastal,Mango,137.44306452861508,2.073812220472032,0.29347385411688487
Arid,Bamboo,105.82960531008106,1.8858273360232283,0.2921608997410198
Coastal,Teak,157.92733457742813,0.5479475037155432,0.09039363740718154
Temperate,Oak,40.969061261564946,2.672083188518204,0.0688260142777114
Temperate,Teak,54.18976582255802,1.9727853273575688,0.3516600766885193
Mountain,Oak,13.045278764948154,2.626808808464473,0.7441020892243059
Coastal,Teak,59.079386621070924,0.7441164256125111,0.30592135244177976
Mountain,Mango,93.65535926924152,2.0742582317707896,0.855276301078598
Arid,Acacia,168.60500317638088,2.7579184275868975,0.3660840977791153
Arid,Acacia,183.224398965772,2.3874012062161496,0.1403627097450595
Mountain,Mango,184.947893187089,2.91452857639425,0.7938621099155814
Tropical,Mango,108.93273665837907,2.933081977462301,0.023863490627011652
Temperate,Oak,81.16298857140552,0.8832848032871303,0.49513417592294384
Arid,Acacia,38.02871026401857,2.8479240050725325,0.09262645664275948
Temperate,Neem,139.05860863845413,2.122236903826182,0.7210313932861562
Tropical,Mango,67.30386249994456,2.990284883242129,0.1052895172794378
Coastal,Mango,125.95514586080253,1.576467661008215,0.6972844796771828
Arid,Teak,44.248797261905224,0.9158913343954151,0.49669712683688916
Temperate,Teak,197.04086424363072,1.1715922295044576,0.5007010002662259
Arid,Mango,24.868070099038228,0.8539557991153253,0.7375003269820352
Mountain,Oak,110.09200052806717,1.164848047614997,0.15770404058199605
Coastal,Teak,65.5117882275297,2.1286655641503507,0.8974859078185007
Temperate,Oak,115.74091678693284,2.4174062640614036,0.48328623596516085
Arid,Mango,25.824913285970418,0.9972359148722594,0.8184958622631924
Coastal,Neem,106.5655154422817,1.1045251070959656,0.9754776766191012
Arid,Bamboo,54.79804005427129,2.5352219720684834,0.1585847000572952
Tropical,Bamboo,187.89724664726083,1.4092386717553136,0.6053960681425623
Temperate,Pine,130.21714007777186,2.826170075771479,0.5752960682023798
Mountain,Neem,101.19803615991756,1.2449914316287374,0.4645805781850273
Mountain,Bamboo,149.5292724184174,1.4752025802994226,0.4591420655774957
Coastal,Oak,162.2122451703719,0.5151257585179774,0.3966153213272111
Arid,Mahogany,16.034278743866956,1.044260810187947,0.05346800705961996
Tropical,Pine,110.61040194032024,2.252253904702198,0.7917540554767343
Tropical,Mahogany,148.69952583504823,2.469704666925656,0.39067838146334133
Coastal,Pine,146.85869079628725,1.3756953309217401,0.3810383916073289
Tropical,Mango,127.03476014081241,1.008218532135373,0.49903570791287133
Mountain,Mahogany,47.186900285217725,2.6680140639319316,0.20209343395805812
Mountain,Oak,197.95368137106863,2.4664136835068247,0.5665870730827555
Temperate,Teak,140.50038529718654,1.6057069604490743,0.35692667205593476
Temperate,Bamboo,38.29795245136043,2.9772279844188043,0.1269204734784085
Coastal,Neem,100.62189102277121,2.670798401412213,0.5340016059717406
Tropical,Oak,178.94673473366777,0.5589700542941871,0.3071181940556825
Tropical,Mango,170.12443904396906,1.5028735836458629,0.14881880911268164
Coastal,Mahogany,174.08760270691116,1.266250020929243,0.8417505444921888
Arid,Bamboo,158.79860883101625,0.973115007246985,0.3054783101332682
Temperate,Bamboo,160.55728783564865,1.3743918415305798,0.016164218849976986
Coastal,Teak,69.35980887741124,1.5973290572978034,0.8801527741563782
Arid,Pine,72.3358258372373,1.50277662852992,0.8640805992290804
Tropical,Bamboo,70.28027497828484,2.5039658741431916,0.8939769937970011
Arid,Bamboo,147.46574771090286,1.0122694651186581,0.158147064644645
Mountain,Teak,51.3123873476119,1.645862430828054,0.314899033451861
Tropical,Teak,13.416440516009303,1.842515359443175,0.5212827310114746
Temperate,Neem,61.51985047721532,1.4522479854507786,0.07783975805976551
Mountain,Pine,191.650462973641,0.9314054619622221,0.9712032550682631
Tropical,Mahogany,175.73407868643133,1.4692833381714823,0.814054231177814
Tropical,Mango,187.96348209815162,1.214545156580688,0.8701242035578053
Tropical,Pine,165.3810582307388,2.1535294094878505,0.14696191506578749
Tropical,Neem,21.06875399954664,1.873747168951482,0.5506670736942528
Mountain,Mango,157.3733615904791,0.6492349794631032,0.9898261703039376
Coastal,Mango,53.39597678879602,1.3011467355146984,0.7546506453970936
Coastal,Mango,144.85895211891187,2.722651715007599,0.6011131507257357
Temperate,Mango,77.52266630774096,1.5207820321484107,0.8371640706371305
Coastal,Pine,15.90321441623742,2.3859398419720383,0.14876581467053518
Mountain,Oak,185.27350321445,1.0188388997618474,0.00975110056786499
Arid,Teak,148.56153749827126,2.9662341773884062,0.3754031436699252
Mountain,Oak,85.29024867744687,1.1906088018545253,0.9203280984813299
Coastal,Mango,56.34856738732901,2.7713042869366866,0.14898018189400153
Temperate,Mango,64.5095254804491,1.081361917186085,0.38059855152749145
Coastal,Teak,188.9131455825666,1.9891609996121185,0.6878317642461327
Tropical,Neem,136.56719153960654,1.0853069997348013,0.4698840757321028
Mountain,Teak,147.44950834057622,2.6278854402547114,0.38204262163065894
Arid,Mahogany,26.950563873530204,0.5099358070129143,0.9975992962907848
Arid,Bamboo,176.76921425736904,1.570956228308419,0.11301591383354792
Arid,Acacia,100.74508188402473,2.7846399591399575,0.8924467498073331
Coastal,Neem,10.895791994605538,0.8085603578710696,0.6268522550021848
Coastal,Mango,112.85108485741223,0.9111620534816283,0.2784132170775079
Arid,Oak,45.868768656867154,1.2566111487842107,0.9780241995462868
Mountain,Neem,94.08439452639425,2.7260900900566143,0.30915447212555813
Mountain,Oak,146.0899266430405,2.198709781683996,0.35520480383115527
Arid,Acacia,189.18769845627088,0.9877073346455141,0.08814351141735977
Mountain,Acacia,58.50370478131411,1.5084825570119857,0.56868056659012
Arid,Bamboo,158.25907237014053,2.343305563550497,0.09545314331254562
Temperate,Neem,64.85810939727179,1.698552398446742,0.23633283293762353
Arid,Mango,103.4492816849256,1.564902054987925,0.44689331147294464
Coastal,Acacia,59.80481535105675,0.809182290800103,0.9082250709880128
Tropical,Acacia,74.03833726066753,2.9547935664108183,0.6657216869190454
Tropical,Pine,21.688678337290888,1.2429542010143908,0.9411067753676241
Mountain,Oak,168.1569167893638,2.6026394896406546,0.4192658378495373
Tropical,Mahogany,14.620458326460085,1.7384871721578816,0.12166701474666186
Arid,Acacia,194.6829041433279,2.405877880110739,0.06097946741463822
Arid,Neem,59.481579908056894,0.7646840721252719,0.4546889200162839
Mountain,Pine,189.1780224270716,2.4901419587345597,0.9840181102459893
Arid,Oak,71.89056094416115,1.8168645568301804,0.017787190108114248
Arid,Pine,16.1305277487753,2.3170907724636742,0.807223544517701
Tropical,Mahogany,79.20693456612479,1.8083737323821218,0.8291793112130239
Coastal,Pine,21.11355703705663,2.749107393807691,0.10279464709740249
Mountain,Neem,82.98469264751911,1.8524888999194873,0.3908176929096778
Mountain,Mango,11.014342249271296,1.914569798555769,0.7561745440250109
Temperate,Mahogany,40.69266918258916,1.0190339672931044,0.524332746822467
Mountain,Mahogany,122.31471766102902,2.2455740819095755,0.44353249333361466
Temperate,Teak,43.900274541555824,1.323999056035085,0.3570388742827387
Coastal,Teak,34.26707632665581,2.331715144762044,0.24915453488847605
Temperate,Mango,165.20436280823318,1.199712141461633,0.3287350999400497
Arid,Acacia,197.56493710501636,2.7535968178349366,0.8206302747128902
Tropical,Acacia,46.0483423522521,1.8769882658842572,0.16689537835996837
Coastal,Mango,102.97761266531519,2.9904084187517177,0.5420255378123792
Mountain,Oak,122.20621121897682,1.7526807819358468,0.6420223083686314
Mountain,Oak,199.03950693499033,2.669941509028763,0.5712673908551812
Mountain,Bamboo,12.251870520734485,1.7972203765099863,0.9896459537329548
Coastal,Oak,149.90254410353523,0.8968457908795636,0.9933232505378514
Arid,Mahogany,88.94827609743754,1.2564910137008738,0.6027073035156394
Temperate,Mango,11.77896201936987,2.214987268767193,0.49265810885068495
Tropical,Acacia,68.958775583104,1.0635574660798512,0.8601908641180318
Arid,Mahogany,107.41418216567601,2.5235543515766072,0.8018644405357933
Arid,Acacia,124.24809148643683,1.5255350870935596,0.8785897656671077
Mountain,Acacia,199.68909329930662,2.787012775798988,0.3764073596972157
Tropical,Teak,106.89649674246193,2.991371150186928,0.2708654012475815
Arid,Acacia,115.4151649877153,0.6244621029538087,0.40223940116994006
Mountain,Mango,71.16761770150768,1.0334290317323576,0.6812272454117961
Temperate,Mahogany,32.71197123220965,1.7038524373385449,0.9939651430900202
Tropical,Oak,125.29359084666788,2.6166231852536623,0.6872843931990219
Tropical,Neem,174.7343122995763,0.9477266439694507,0.8540381129244214
Mountain,Bamboo,176.69854639942253,2.262947055761591,0.5074166666026256
Arid,Teak,171.2145267797099,0.8377791446544995,0.3417116789701059
Tropical,Bamboo,41.41621994942112,0.7219640091812536,0.24211076933032805
Mountain,Oak,182.54279424594247,2.6259825416347105,0.8417848896441706
Tropical,Pine,110.23097264544734,1.733520254493562,0.9486868888654889
Arid,Bamboo,146.72248867249382,2.057744348053951,0.7473006676478238
Arid,Neem,180.8336403745527,2.1178813912453927,0.48170331315542614
Mountain,Mango,162.41216819051493,2.3043863557549593,0.997003311167199
Mountain,Neem,12.394788043561356,2.6252723166457486,0.2614017809522715
Arid,Neem,122.3138986401171,2.1240321893759355,0.00423268735727933
Coastal,Acacia,32.773419733436896,1.2706532159886958,0.9925107456906539
Tropical,Bamboo,27.955183853797458,2.2603793746375285,0.8441032913109114
Coastal,Mahogany,172.69893042862296,2.7263746397522377,0.5990502862982208
Tropical,Mahogany,195.3003490545524,1.6720556615530773,0.9785474990523714
Temperate,Oak,120.6602359809543,1.8900831070081168,0.09813199163578834
Mountain,Neem,173.79319503162844,1.7263355419605069,0.8725326345208574
Tropical,Neem,98.94410255891555,1.5549934740636897,0.2196527944346246
Coastal,Pine,32.33267269862442,2.6802856171006106,0.7335745993936125
Tropical,Pine,38.405652716849424,2.2195318517246116,0.07103674824381367
Coastal,Pine,66.58647850229556,0.8700187225133733,0.15806440975442926
Mountain,Oak,73.65368041628454,1.8566550097347039,0.5181659465959063
Temperate,Mahogany,38.59801904770327,2.254276392525398,0.13087370560783396
Tropical,Oak,168.58333176618538,2.708835752515467,0.9821339382977458
Temperate,Mango,69.48042837531575,2.7633550498690127,0.6790834262936027
Mountain,Acacia,131.04912892551522,0.8072288387872681,0.03800507327921554
Tropical,Teak,95.44186878799299,2.0572647439705154,0.9114961572136581
Temperate,Teak,134.58257278316438,1.5412896826746068,0.05892183643336635
Arid,Bamboo,184.80810491506668,2.4974102513737164,0.876245750211386
Arid,Teak,193.87374559143146,1.511199674203841,0.04133042533210152
Coastal,Bamboo,159.43845439855735,1.4180678391180925,0.8195529360362621
Temperate,Acacia,98.24558999435963,2.8739941334329475,0.5328163351344664
Temperate,Acacia,59.52668021894568,2.060210337574528,0.45748747987500704
Tropical,Acacia,59.46240546134214,2.0719285169919375,0.9635977198387349
Mountain,Pine,47.46441027359068,1.7816825555799563,0.8197315306172848
Temperate,Bamboo,124.82677913498816,2.378951713960266,0.062152558351882936
Arid,Mahogany,114.62595805192117,0.558553145109991,0.8714076273443412
Tropical,Teak,48.30450334821251,2.365753846741063,0.8520578754741946
Arid,Mahogany,199.8416723829863,2.8662264265613215,0.70602956442866
Arid,Mahogany,48.473218777563616,2.077485349085018,0.6968686292392875
Coastal,Neem,175.01635050369867,1.07731511696373,0.13625648471262075
Temperate,Oak,186.6338466749444,0.6765285537659287,0.971790606314161
Temperate,Neem,83.22255796246688,1.61543209969267,0.7163980394128908
Arid,Teak,145.58750316738295,1.9099311815914393,0.9330561671919333
Mountain,Neem,191.37579222028984,0.7883052246936985,0.15369802100628305
Mountain,Pine,125.43214937990327,1.0001423533508311,0.6137401868383638
Coastal,Teak,97.83837513171923,1.8758210423575445,0.3344995397626641
Temperate,Oak,161.54911064073102,0.7612526544620644,0.4273615537024079
Coastal,Teak,75.28131117286733,2.5650614127925957,0.0037512140010601547
Temperate,Bamboo,62.034898859858416,1.1029440593762716,0.6722440095177957
Tropical,Neem,44.00543098693564,0.6859488608780844,0.6176921511045328
Tropical,Teak,119.71156514235858,2.420813830854149,0.5450279767464097
Temperate,Oak,152.135214090712,2.346876134419708,0.3836446592911722
Temperate,Oak,176.5316198580551,2.3275238416869426,0.13298806360577897
Arid,Mahogany,113.09730849638011,0.9423525574236473,0.16329046548465365
Mountain,Mahogany,97.71158304058825,0.86096457759313,0.14852810211222145
Mountain,Teak,133.5609226826557,2.8196199438127207,0.9995271303049225
Mountain,Teak,24.171104410303656,2.876637668799542,0.2781153231143071
Coastal,Mango,167.53127527673308,1.7204619129444751,0.8108794164979212
Mountain,Mango,121.7898104048814,2.8468008233534112,0.7921722394138859
Arid,Acacia,79.40857245530565,0.5303838945633539,0.012074463338526908
Mountain,Pine,155.72583047184975,2.522761493471382,0.29931147094223
Coastal,Acacia,168.36823733635867,2.1530539478705246,0.009483367882899274
Mountain,Neem,176.5385758791065,2.6746540719824337,0.6224016830667392
Coastal,Neem,134.35949660029476,2.577569213407853,0.8783228777161788
Mountain,Acacia,33.82462379461848,1.7579046537346783,0.8924658558006953
Temperate,Neem,73.84038473866649,0.5856296787805486,0.008054177294876674
Mountain,Teak,102.98577765158397,1.0910803636031747,0.8118668687784146
Temperate,Bamboo,196.2076855404022,0.643005208889375,0.8925226617161918
Arid,Mahogany,170.3626867178234,0.7822432000705779,0.9720682965644206
Coastal,Mango,60.395915530889646,1.7168099242395884,0.43102372138901857
Arid,Acacia,26.6632202121426,1.2824032420164664,0.016858056785748032
Arid,Mahogany,185.5439233785717,0.7741405815303233,0.445902744660968
Arid,Acacia,85.28097379439237,1.9980461317901506,0.07930057536209212
Coastal,Oak,31.33957116773706,2.925141756653026,0.3617908925133366
Coastal,Acacia,88.02851712785008,0.5933575540868686,0.6373171003010312
Arid,Pine,53.642110108048875,1.0252150228214367,0.4416677283051714
Mountain,Oak,94.03271088957888,2.760781348372833,0.7035385399874865
Arid,Bamboo,15.55651602582376,0.615037408502894,0.8813299538399461
Coastal,Mahogany,196.24613524330067,0.8236939379519227,0.561042016466182
Coastal,Bamboo,11.717171854222947,1.0516362223950453,0.08003168662773619
Tropical,Teak,118.81557564240585,1.9192273406131786,0.19888991116928123
Temperate,Teak,97.44727839887693,2.388289945867898,0.42578307306770635
Arid,Pine,120.92745125403927,2.675876623737797,0.33188911666288234
Mountain,Oak,117.28205140951256,0.8004332380240088,0.813748682775856
Coastal,Mango,24.020556091776108,2.001393186939147,0.5096249267383668
Temperate,Bamboo,25.020990047785677,2.2139678681343007,0.48973454071761413
Mountain,Teak,94.19864236703421,1.8183503420003084,0.9920289336071422
Mountain,Neem,122.14031482640618,2.592987174304261,0.564022880280129
Arid,Bamboo,198.73926631852618,0.7813749972997117,0.6124169093864341
Tropical,Mango,188.38706502316407,0.9774351318456171,0.0701490872124032
Mountain,Pine,140.16988150195027,1.3144428185601393,0.5986367148084465
Tropical,Teak,87.4988846942592,2.937983223278257,0.5198380738802082
Arid,Acacia,59.19803387682088,2.02405196373473,0.10236021225307945
Mountain,Acacia,111.00632118301309,1.0475747563986741,0.48718419886150244
Tropical,Teak,177.66856363247527,2.9774767778435702,0.810764849173395
Mountain,Mahogany,91.36135782732948,1.6540830110243208,0.3641473246826633
Tropical,Teak,153.85188494420254,0.5391119094462122,0.29764564419474604
Arid,Pine,97.11614314418401,0.5564270651557732,0.14954239379334344
Coastal,Teak,50.60156270397448,2.5749023707163703,0.23511733547749902
Coastal,Bamboo,108.70711330994364,2.695384510795228,0.1087197748355202
Mountain,Neem,195.01596099148995,1.092599159032071,0.005681404269405332
Mountain,Mahogany,178.65954146302337,1.1267845087350787,0.582414039191678
Tropical,Acacia,24.515459010032004,0.5775329942451819,0.40480071589628175
Tropical,Bamboo,141.87392902911427,1.139005251581377,0.8219749533723164
Temperate,Teak,163.79902276862435,0.9072553510845606,0.4519089221658451
Temperate,Mango,124.83689510311714,1.4819958638113022,0.787502967085638
Tropical,Mahogany,125.29656416856474,0.9438159713250331,0.4054398752762405
Arid,Neem,75.87107815231391,1.690671269283656,0.3295783524359036
Coastal,Mahogany,57.54143089154722,1.8188706948283049,0.7115430377658071
Temperate,Mahogany,20.913394683588002,2.8137259063020115,0.793555383938782
Mountain,Pine,43.99320551824643,0.7684764043799261,0.8872381717405239
Mountain,Teak,77.78993920814456,0.9607141912257631,0.8755174690306221
Arid,Acacia,178.88682070511402,2.288459126013538,0.47701033905219337
Temperate,Acacia,134.1022879614299,1.1428631970546828,0.5526345884965247
Tropical,Mahogany,35.08104764996843,0.8843391881441658,0.4184917819343751
Tropical,Mango,169.5417658701086,2.9447499659586374,0.8121087616194747
Mountain,Teak,75.42753459111266,1.0585604222874052,0.7965897376012937
Arid,Mahogany,95.85146259979771,1.3235924079707946,0.7434747125906161
Arid,Mango,12.327895386121249,0.5616350561637049,0.026217877510832266
Arid,Neem,141.52264552529903,1.4087350381116144,0.5479336697684255
Tropical,Bamboo,165.7363395422732,1.5774339361004213,0.6781516864636035
Coastal,Mahogany,34.85139728947329,1.49200477400784,0.14442802979324698
Tropical,Mango,157.40187577073067,1.1878570652043452,0.6962817569148817
Arid,Mango,20.712995956481105,1.9775352496801109,0.6341516245705011
Tropical,Mango,148.57966869164017,2.9435973093370484,0.2544634716402858
Coastal,Neem,124.85977420916436,2.148236898087698,0.8777907021758153
Coastal,Neem,164.74532494150407,1.6819435159529321,0.8478401512180801
Tropical,Pine,49.99978059884719,0.5084784796516693,0.39800850056038517
Coastal,Neem,72.63365267520663,1.9197186827459582,0.7798473080870735
Arid,Mango,104.25093822165545,2.255416077623625,0.9170111824235567
Mountain,Teak,166.26806870102354,1.98462950356566,0.17201022764901142
Mountain,Pine,181.55487342379135,2.1703691482244847,0.7654177181705941
Temperate,Neem,146.16560581988597,2.398837804560498,0.5181792726412303
Tropical,Oak,120.3429297986525,1.5469687072196798,0.4641081560489877
Tropical,Mango,18.167740785822065,1.5860981113337278,0.0653261768380865
Coastal,Oak,53.43000511591579,2.7600125527180297,0.13537817958890497
Coastal,Bamboo,84.87903070047567,2.0919543026939182,0.3101074122897287
Arid,Teak,97.87174458554644,2.0926516433043973,0.3892622960775076
Tropical,Mango,21.062499382800763,1.685141860184814,0.6050455448896161
Mountain,Acacia,113.89004186840106,2.5367411461228997,0.4028194474736424
Mountain,Teak,180.28625925915145,1.0026679895485284,0.7455668486887584
Temperate,Oak,107.18507352432937,1.0767970322910545,0.4209409134826513
Temperate,Mango,96.67884281732765,0.5433985637967771,0.7232047483584627
Tropical,Oak,49.72445680054208,0.9888925603345049,0.45293388707165994
Arid,Mahogany,30.40180508268451,2.2095477913253574,0.5442933610692545
Tropical,Acacia,166.82831503262065,2.6753766079590733,0.45514917344874084
Tropical,Mahogany,32.907820907185375,1.9972734712406541,0.9110015877942218
Coastal,Teak,71.06403417118116,0.7145055712189923,0.37582694882258594
Arid,Mango,45.09908106677331,1.9732943519991548,0.6101076288423408
Tropical,Pine,115.32613031603137,0.6931120390490151,0.6270581211323202
Tropical,Bamboo,168.8832321674,1.9931781658753087,0.27616248971365653
Coastal,Mahogany,67.18639273284323,2.1902590275177154,0.2134403214078452
Arid,Teak,32.291023120931584,0.9720470168865515,0.20169193971386012
Temperate,Acacia,141.17862799233245,2.7371136084318315,0.20945790342632264
Tropical,Mango,33.44926070332983,2.711193333144398,0.23572270078322732
Mountain,Pine,20.515132941670622,2.704497265012668,0.19652610526331282
Temperate,Acacia,140.96548643381792,2.109913883817064,0.8951213812223662
Arid,Teak,118.0450444830618,0.6722488532971158,0.012813105867377717
Coastal,Neem,155.45249098252845,2.4920359048366745,0.21417818148226386
Arid,Pine,153.8328156280027,2.5354641709538366,0.7434718492130933
Temperate,Teak,185.42037864077062,2.7621998506199548,0.47823715617415585
Tropical,Mahogany,76.14819910959301,2.0767514287021456,0.6458803755189714
Mountain,Teak,25.847545496084756,1.9421161324330922,0.8949937937550256
Arid,Acacia,61.96319095354862,0.915174476930166,0.5831774890537884
Mountain,Neem,198.8022696720771,1.2987064916274451,0.013931167843735826
Mountain,Mahogany,103.50507357976976,2.940018155306447,0.10854388829387629
Temperate,Neem,149.04537714060905,1.1361893029559786,0.2573729689927249
Arid,Teak,163.37005621899033,1.5865527612241375,0.5029948353293112
Coastal,Oak,125.74440149615403,2.2999494474352473,0.7062173878288317
Temperate,Pine,153.10068114480902,0.5190296548092403,0.8200255102819367
Temperate,Teak,136.61491854237687,2.858647806983784,0.7723777408145117
Arid,Acacia,47.39351021265229,2.6330875766860724,0.18568417577868013
Arid,Neem,157.20221811742866,1.30677768390438,0.3147995892426161
Mountain,Oak,174.56506928864314,1.3675740961466747,0.09794137532077685
Temperate,Neem,98.05538784463242,2.4122334333954574,0.9989577025510032
Arid,Mango,34.467876637320686,0.9873555827313003,0.23054877529982165
Mountain,Oak,152.7721861255913,2.4699951757859813,0.48729938597032185
Temperate,Acacia,173.1130283893145,0.860995817015415,0.5443237636269012
Tropical,Pine,142.17206354027428,2.96826053312754,0.7191994177140347
Mountain,Mango,97.968629603601,1.5575220782433938,0.4337071664854629
Coastal,Pine,179.6674190649768,0.677893261647333,0.5731510262224229
Arid,Pine,145.01559502806086,0.6776178262060002,0.8451035989097576
Coastal,Mahogany,114.04729687285601,0.7489541769053216,0.2678151503086078
Tropical,Pine,107.56708310572449,1.3207661944848552,0.918027561204594
Tropical,Bamboo,134.72265595267322,1.5111625267790323,0.41632559172971983
Mountain,Bamboo,36.93767169069211,1.8848292459722369,0.67803526194376
Arid,Mango,71.06380932531748,1.520837840158098,0.8899248157588417
Arid,Acacia,28.212997552124158,0.7801345770860092,0.9212882566825628
Temperate,Teak,47.98984931778338,2.9185735587323656,0.30566019198465166
Coastal,Teak,139.70991270018214,1.6528402070314783,0.9058698474169359
Temperate,Bamboo,91.71768810322067,2.211495056783063,0.47823532809656744
Mountain,Acacia,12.804334295522592,1.1621328278693108,0.8600799326868076
Tropical,Teak,17.1468777499401,2.94951753231272,0.9136257994249201
Mountain,Mahogany,184.3906079011147,2.2377421233775237,0.1762751933802329
Arid,Oak,199.91284477086035,1.7136044686787175,0.9541180568796035
Mountain,Pine,130.32725209566462,1.529240225928917,0.4235907910808395
Temperate,Acacia,34.77791237584613,1.1949986559511285,0.5842958218436192
Mountain,Oak,184.78358049675822,1.4216086524423075,0.764120590370656
Arid,Bamboo,22.97176614247462,2.7955976469121415,0.41864267449773307
Mountain,Mango,53.996115177235154,1.1329168436582424,0.02188286586032373
Temperate,Neem,103.95566073239341,1.5694881220167385,0.3534736643356867
Mountain,Bamboo,44.683481112828254,0.6943703680972203,0.1381974435311022
Arid,Acacia,45.354397141041225,1.7585457246400864,0.022621941062857087
Mountain,Neem,159.86815290435987,0.712703581222477,0.4822698038758675
Temperate,Pine,197.2858766803168,2.41469336846289,0.5151871854147924
Tropical,Mango,27.06673968888892,0.8710265267014066,0.8582267527545904
Tropical,Neem,104.51104421977217,1.9422371195357746,0.4245683186173256
Tropical,Teak,120.07754230558572,2.2327907295901834,0.6514409762026747
Arid,Mahogany,25.880040019349526,1.606856426603113,0.40186549425995366
Temperate,Mahogany,163.68934146819223,2.582197828442292,0.29309503925379554
Coastal,Neem,73.29817246403344,0.8615010918603062,0.9712599387980896
Arid,Acacia,166.7901836149152,0.5202286094868559,0.1446057623428132
Tropical,Mahogany,196.08290529069285,2.228792548787025,0.012204390521340036
Coastal,Mahogany,108.17014941513655,1.6106605064407615,0.23797215457824672
Temperate,Teak,70.89696538441584,0.8429943763377854,0.005601285138372991
Mountain,Teak,114.96094928318263,2.502400925371744,0.24120161137630836
Coastal,Acacia,151.59433351213917,2.7237848938532214,0.4998424431048055
Arid,Bamboo,52.20199844675351,1.7824209704560245,0.1713517339140228
Mountain,Teak,179.4899890368146,0.7357050818264872,0.2152427770626204
Coastal,Mahogany,130.07550413919145,0.9360957261679504,0.5327976559294804
Arid,Teak,36.56438222365676,1.5844115670634875,0.1097186210391351
Coastal,Mahogany,77.19458947786383,0.8824579871785003,0.9301088454706941
Mountain,Teak,82.36515712491021,1.553694515545862,0.2023690786040554
Temperate,Oak,54.86841984886331,1.4206504314862367,0.43738839012923947
Temperate,Pine,164.57354244052868,1.8120455672434068,0.9387889866753353
Tropical,Bamboo,81.31340154010404,1.7877950508494744,0.05838824977842805
Coastal,Neem,101.99827298604264,2.97198186336428,0.2016360956907861
Mountain,Mango,90.83487288400019,1.5650546578401658,0.12046575701729778
Mountain,Oak,37.137410957688246,2.432493875039209,0.6737371862180058
Tropical,Mahogany,172.43365908482215,1.8099255576885593,0.8215829756426599
Coastal,Neem,28.80502609176353,2.261245464920469,0.3974547923709999
Tropical,Acacia,140.30238442167624,1.8347078699714614,0.7205786344530514
Coastal,Mango,88.0240511053284,1.9323583304772032,0.8758388910381839
Coastal,Neem,188.48214730249938,1.5916335722274038,0.061882342262549295
Temperate,Acacia,195.92275555255657,2.6014233116627947,0.7322755063891012
Arid,Pine,20.10316862202398,0.5584526745560656,0.21239085324486418
Tropical,Oak,54.67909982470354,1.3269251352176599,0.8401900144379248
Temperate,Teak,119.29479766572004,1.3257567320361836,0.6567370137764
Arid,Pine,47.29231890264826,0.7147165438513393,0.2850041694727756
Arid,Pine,192.53793314277263,1.0826400953326496,0.11836297736852386
Temperate,Neem,97.72309090763277,0.7693267565084414,0.3207192171255545
Arid,Pine,101.58521187123992,1.8497468375518156,0.7250601229134835
Tropical,Teak,178.52959296342289,2.896086494305379,0.14076700000641051
Coastal,Pine,37.541334851966155,1.2035679351116766,0.7389236410862791
Mountain,Acacia,197.0689057943743,2.945796038451937,0.6764759825839803
Tropical,Neem,165.63923232748408,2.072529211252676,0.600854791004978
Mountain,Mango,46.915032390440935,2.1012171284883943,0.9129903074590118
Mountain,Pine,144.047509534075,1.7519121471146617,0.45659599286913943
Tropical,Oak,31.013341079451102,0.8185667569087622,0.26399389996965594
Arid,Oak,127.93918773961012,2.006555140709043,0.9068325277097491
Temperate,Mahogany,79.24031319389707,2.8867241230801133,0.4017363374490387
Coastal,Neem,180.73151504882486,1.9672670921360706,0.20631077717439905
Coastal,Oak,53.56693876652184,2.5282417211981625,0.35018883962081016
Tropical,Bamboo,154.30684530468957,1.3590173889614097,0.614384432538491
Arid,Teak,18.716395282084573,1.3742559527918812,0.6300241642038533
Temperate,Neem,135.56206548314395,2.2609888646338177,0.2415989398873889
Mountain,Bamboo,141.07376330214643,2.361384046322107,0.964037453803951
Mountain,Bamboo,61.40468456350986,1.6507344139310496,0.5122733214949685
Temperate,Mahogany,36.71668508546941,0.6776035075062865,0.7022939836341093
Arid,Acacia,21.22889689551895,1.2259931783585318,0.7863804756206229
Mountain,Acacia,160.26476548467312,1.3392446533727447,0.4896312628828977
Arid,Pine,145.48134254947811,2.8807266840024526,0.32000747648057026
Temperate,Mahogany,147.50795236936932,0.6822233953058477,0.5078759103569509
Mountain,Acacia,102.73742603190048,2.384474073145677,0.11654513213439555
Mountain,Mahogany,29.616808741593264,2.65709552196485,0.9843454477697408
Mountain,Teak,35.28072238796717,1.2466809171394608,0.4362581125539753
Coastal,Neem,100.43495788190184,0.670272209296668,0.45660689818278344
Temperate,Pine,94.00599218704953,1.9182181936761216,0.6117582717957406
Mountain,Mango,54.1922038311746,1.2772780316443915,0.4977872810536923
Tropical,Acacia,76.71800435592007,2.561734373293884,0.28670605665966953
Mountain,Pine,168.80101021748573,1.6454023468125054,0.7023777821113372
Mountain,Acacia,127.49411113518043,2.7279654938334787,0.5987965130749711
Coastal,Bamboo,40.812088093169535,2.6507793302137226,0.8920224125413875
Arid,Bamboo,187.52010979997132,2.4953504753413074,0.9931714098676878
Mountain,Pine,65.48489198570718,1.565729681459401,0.5439486644852501
Arid,Acacia,69.1372063971798,1.7157011085389104,0.5989500891665999
Arid,Pine,110.22339660723756,0.9225304415901223,0.9238297074163093
Coastal,Bamboo,48.53165713929411,1.590283173681748,0.9887292027020524
Mountain,Pine,14.520464226153665,1.5053799054271553,0.5654159206185827
Tropical,Mango,52.60600889640382,1.0701061110693308,0.18515329932774083
Tropical,Acacia,184.2164861988962,1.1846167191487862,0.013604376207698832
Arid,Pine,44.32189663734069,1.027272577364627,0.001060943484539001
Mountain,Mango,11.859623527402603,1.387753383384366,0.05559254421611437
Tropical,Teak,110.69539398223354,2.2999671046309533,0.0276436162783259
Coastal,Acacia,194.35650003145182,2.8157935540389887,0.9519496436564499
Arid,Mahogany,190.36079222963534,1.8894712043599569,0.6377402519589533
Temperate,Neem,73.65042010309192,2.02342422277731,0.10453529261114325
Tropical,Acacia,70.61839385936555,2.4563479813316427,0.516016373326912
Tropical,Bamboo,177.48729676688887,1.100643145157983,0.5745074196999778
Temperate,Pine,72.14921774804372,2.4722739067922257,0.8120028372226398
Tropical,Neem,61.15292817014507,1.4472543036911982,0.4932838722228907
Tropical,Bamboo,111.29444555291113,1.544397038157579,0.6757558701652605
Coastal,Pine,184.98491972489524,1.4067800637701664,0.61314449551351
Temperate,Mahogany,13.74452846671894,2.4581927574813287,0.18450392153562412
Temperate,Mango,163.02679320659067,1.8053500857556366,0.735444967321668
Temperate,Acacia,33.21382614307869,2.9605337504079,0.9828457120871713
Temperate,Pine,130.13217944956364,0.5761238175580523,0.10629755973293564
Arid,Pine,176.41287776960127,1.828890298334624,0.6177220661225953
Coastal,Neem,155.7846853868781,2.1426379698014184,0.04455328328820218
Temperate,Bamboo,83.14881209852328,2.1903344633513484,0.6930549532533626
Arid,Neem,157.00986607432847,2.5149047387705745,0.21342439555736492
Tropical,Mahogany,105.40715607449184,0.6869747282021337,0.23374141144689953
Coastal,Mango,189.05778276192262,2.787789436571994,0.2367482907973425
Coastal,Mango,27.425768057667238,1.763077932760642,0.3193473633585
Arid,Bamboo,123.85842022628574,1.1569603086594706,0.948796084243471
Arid,Pine,80.020216822725,1.4229284614725186,0.11627163901279203
Mountain,Pine,189.5664767965708,0.9070142187455115,0.422630225144626
Tropical,Pine,97.56250660728554,2.0230219138868666,0.6598220543054529
Tropical,Oak,99.31893690184533,1.767432205776013,0.5857945300745925
Arid,Oak,196.19854143861286,1.4973848411102866,0.17246923128586145
Coastal,Neem,92.92780032319546,0.9115962650886693,0.276193406305283
Temperate,Pine,52.866123847924314,0.7695012938193273,0.2705671460158042
Coastal,Pine,174.72986261356704,2.806458859531397,0.6910070084035895
Arid,Pine,65.83263262505668,2.7185325584443443,0.29434560822978917
Coastal,Oak,19.88958940342261,2.988942988801008,0.0744114742135451
Tropical,Acacia,19.085865698135358,2.4202683580625437,0.06444181401103122
Coastal,Pine,187.99803612126766,2.7594463282423227,0.7196982161697315
Coastal,Mahogany,113.77607419214286,2.8707773098772718,0.9895779358464758
Tropical,Pine,89.84809865918449,2.601316736556696,0.704619185410293
Mountain,Mahogany,181.55563850894887,1.7174681958312281,0.14628788266849735
Temperate,Mango,64.67799950502913,0.6475823161761383,0.42429629074449304
Coastal,Teak,52.10189813600195,2.9066546324942304,0.3504910073912595
Tropical,Bamboo,38.551092017028296,0.7153770650021101,0.37921357160014024
Coastal,Teak,87.87314563421063,1.5158163959099689,0.05970001821289761
Tropical,Pine,145.72084199096344,2.4117923083624015,0.8894920191774028
Temperate,Neem,75.03470340800897,0.6162218270452997,0.46676480017527366
Tropical,Mahogany,118.69754849852735,2.66448227356011,0.12355113907674531
Mountain,Mahogany,145.68176476018493,1.986722461888447,0.8833551919434895
Coastal,Acacia,136.41595213601317,2.6947973967053667,0.24991874717456497
Arid,Teak,62.967614076445564,2.038381217070833,0.03228528540002995
Mountain,Oak,140.56043115676127,2.5771013066752566,0.6175775853971568
Coastal,Neem,88.15480116769153,1.9393334278022056,0.823759528688373
Mountain,Mahogany,82.85097708168057,1.3672639918694693,0.08383947071047415
Arid,Teak,102.25299142066784,2.4492984716106405,0.2902234088623401
Temperate,Pine,56.9318869624732,0.9122737192120904,0.054754022470968944
Coastal,Teak,89.92520636542523,2.056370349296135,0.07125395049598582
Mountain,Mango,139.98675380368718,1.6701370353015896,0.5701433934043625
Temperate,Acacia,111.2668552900574,0.7712389439293161,0.37130854662563173
Temperate,Pine,91.57323793736822,0.655875007237857,0.06396531991736676
Tropical,Teak,134.5048734712846,1.768217105640592,0.3782856313663028
Tropical,Mango,133.50455216507044,2.301238871791556,0.9573258553306432
Arid,Acacia,69.8498407234471,2.853633816802483,0.18221510824736864
Coastal,Mahogany,60.98905641075367,2.1403483135646675,0.004869883188483803
Tropical,Teak,152.84704450180396,2.6681147211765546,0.7701930950004852
Tropical,Acacia,145.89395277165067,2.2661444677573943,0.9714153836625645
Coastal,Oak,42.54010630116364,0.9065334965540623,0.1828152156390208
Arid,Bamboo,193.11636036593225,1.5444396963367741,0.948985200927158
Coastal,Pine,20.04659939962842,1.3017603816472576,0.8948303670510872
Tropical,Oak,145.88380810549123,1.426690333259861,0.07019981939723918
Tropical,Acacia,156.35374898862372,2.989433073709785,0.058133381085999525
Tropical,Mango,25.542428508884846,0.6911922440827598,0.12413634354529601
Coastal,Bamboo,130.19606033722238,2.879181284322541,0.505788438943029
Tropical,Mahogany,73.91657812232566,2.6218901972027666,0.17630798262249492
Coastal,Acacia,192.53181867579184,1.7050191112630948,0.8181837890600151
Arid,Bamboo,44.65953007121717,1.8778685604981593,0.9133112222927431
Arid,Pine,143.5801774715196,2.493087045499527,0.7237118183224416
Coastal,Oak,179.44359018699373,1.440699205554304,0.10936384800291277
Coastal,Acacia,40.03654706087462,0.6194203162718019,0.022995604173008277
Tropical,Pine,135.24540525599625,2.3777431820220327,0.7229304668915508
Arid,Teak,92.84204565920415,2.9690943275723316,0.8561844507746645
Arid,Neem,163.291201255235,0.9398560495448502,0.18981774091577008
Coastal,Oak,81.21430224909102,0.6419450314007248,0.9659445840604327
Coastal,Neem,62.17043766129021,1.9563948457924456,0.18020722743644368
Mountain,Mango,108.26756966979738,2.319054065158858,0.0988521310939049
Tropical,Pine,176.659182154183,1.8466165076348202,0.543501967953619
Tropical,Oak,114.96562304396387,1.2351350550969404,0.775002145235303
Coastal,Bamboo,135.7346766532146,1.7698907713351884,0.7834866200864408
Arid,Acacia,29.757624397422457,0.8028374627526362,0.4302045397194364
Tropical,Pine,38.7172684962908,1.4691923976508057,0.9889668516361119
Tropical,Mahogany,22.07892694722672,2.5993226823882596,0.2937347007557548
Temperate,Pine,66.23354082969018,1.9379374140012318,0.7545122732302904
Arid,Oak,53.7707848819025,2.25835267091057,0.048041693158960674
Tropical,Teak,48.6745485259084,2.1343217473158225,0.34245006260869093
Temperate,Oak,158.76914752856993,1.5691790534743386,0.8270080465337579
Tropical,Mango,186.02772891263749,0.5383168577639575,0.6833576112647765
Mountain,Mahogany,90.96744112274258,1.3967616940631116,0.6218039501355851
Coastal,Neem,111.7096962911203,2.6649470549130774,0.5790798604332392
Temperate,Teak,59.061000335320216,1.6902262194097606,0.2798993045693716
Arid,Pine,170.30541803461415,1.0038487882307219,0.6981231990824118
Temperate,Teak,183.5619691053251,2.3732885410795297,0.03907066361625444
Temperate,Neem,153.82204473520318,1.7717394616889073,0.9442046269020501
Temperate,Neem,39.200433405759156,2.428013390955711,0.7682889107599523
Coastal,Mango,131.59620477381665,2.872096568823157,0.1722790320373192
Arid,Neem,177.42531324404763,1.9306940024640988,0.5968217893840609
Tropical,Pine,106.0990466734621,2.611838477252357,0.8564918840995138
Temperate,Pine,92.74882202011317,2.8374982882416835,0.06887441694810537
Mountain,Neem,75.98541441578386,1.6911882308005792,0.8575323587716918
Mountain,Mango,172.09382973441345,1.8041742806263663,0.8420673625520074
Tropical,Acacia,100.47058272348687,1.0765532542997742,0.4669944263872786
Temperate,Acacia,19.737408005878855,0.6316341951180283,0.1475153332262198
Temperate,Acacia,140.15208050145245,1.1065517439411838,0.9564062562766722
Temperate,Pine,140.947953945716,1.511333672361181,0.2029363405046286
Temperate,Pine,157.1026505048383,2.6523084121339173,0.9617668810767859
Temperate,Neem,152.70632095760817,2.946139793766476,0.990167669883578
Tropical,Neem,73.6163940642131,1.5911005920436434,0.9350299819207317
Coastal,Acacia,175.97959710519845,1.667991211451265,0.6150058450745435
Tropical,Mango,23.3447295794722,1.4408586773442176,0.5942990831652621
Arid,Mango,96.27306529839524,1.9824087726347281,0.8981246095009984
Arid,Teak,18.813880478225055,1.0773901699686728,0.4699173303715203
Mountain,Teak,61.3951716988213,1.7792801280830859,0.05580827690155632
Mountain,Oak,113.85879942372108,2.3367737498001024,0.4671442189500078
Mountain,Oak,35.25124869517534,1.2883082524693619,0.09067032155840682
Tropical,Teak,91.47978458625671,2.6276973315019627,0.6170392677644676
Temperate,Neem,144.4487232469017,1.4840913666635243,0.0954932506404308
Arid,Bamboo,101.27688741858653,0.8262118974509274,0.801470140898438
Coastal,Teak,48.78634451361369,2.8073033959890705,0.6430129463911562
Tropical,Acacia,132.319868602936,2.0514469191578293,0.30799103566328734
Arid,Bamboo,128.83344605696337,2.7605312470885943,0.02708625744624593
Mountain,Bamboo,63.761895453787396,2.6592742713175626,0.7127286477798616
Mountain,Oak,83.11102316821993,1.662894209427411,0.7108101072473536
Mountain,Neem,40.10637431347551,2.1147204688671675,0.6488486358920015
Mountain,Acacia,133.9882912021734,2.597514396135039,0.5616392585600581
Tropical,Pine,10.115097129524234,2.36264610995487,0.9985632457803494
Tropical,Bamboo,78.05395187707161,1.031199330096785,0.6181525319628534
Temperate,Neem,156.619134453094,2.945267488866514,0.3771196069760253
Tropical,Neem,167.0827084586173,1.3618454149450308,0.3194814922117105
Coastal,Bamboo,153.87715793046533,2.939601908055933,0.49760657395143004
Coastal,Bamboo,157.6511164943325,0.9459000534982804,0.759500462430935
Arid,Acacia,15.909150330214047,1.0216216247705834,0.4690396642451541
Tropical,Pine,162.63796077032518,1.33767431910838,0.4445989977512329
Tropical,Neem,116.56833429367391,0.8736142063855485,0.49175719541459684
Temperate,Mango,97.05406601415835,1.1965001152894643,0.12841088890142127
Tropical,Mahogany,33.42800250723474,1.2839999759837477,0.6489215364241241
Mountain,Acacia,21.352262923596044,1.3260303572283698,0.4648261213235103
Mountain,Teak,152.18495882473326,2.7595035850894214,0.30613687399791556
Coastal,Acacia,21.087146606310256,1.587216828608097,0.7673369839137026
Coastal,Pine,29.233346554706902,2.4485629948399676,0.45523444484087383
Arid,Acacia,118.46889280769064,1.9400449170083927,0.7650375003504503
Tropical,Teak,134.01736985300093,2.6272093874524782,0.7970259118393745
Tropical,Pine,172.32386624481757,1.1617062032683143,0.14867661254353626
Temperate,Oak,47.367291461187236,1.6241010878516908,0.48982103403541777
Coastal,Teak,74.49297111022769,1.5026016738310037,0.2465768029504226
Temperate,Neem,180.38738324056754,2.0138970855035474,0.3108458872253741
Mountain,Bamboo,104.209845427547,2.6028256285010603,0.5493011120810295
Coastal,Mahogany,133.4802223902013,1.4481039091249157,0.10549499324817357
Coastal,Pine,117.19906820886244,2.669136678462513,0.18013952743961126
Mountain,Pine,138.4172324711972,1.3507573382110378,0.7588711013144376
Coastal,Bamboo,70.25293563067704,2.008248238426875,0.09177338237750965
Mountain,Bamboo,195.41905223435015,1.719193548133251,0.014888420980887829
Tropical,Pine,58.15312081775455,2.9598893401253052,0.9151670235716637
Arid,Mango,153.00045643825447,0.5164722640910342,0.5850047057775662
Arid,Mahogany,105.59695507561491,2.950024544789842,0.9826863386297587
Coastal,Pine,50.791274615594475,2.8190278159315687,0.30934686191333216
Mountain,Acacia,15.624335613447894,0.5454102413753397,0.23447935186984137
Mountain,Neem,85.22746613961547,1.297352754341132,0.961859818428443
Coastal,Oak,40.818898298324086,1.9305061812361552,0.5719127672253167
Tropical,Bamboo,111.20447716296323,2.8209248101414897,0.3964143683568946
Mountain,Teak,146.94623871454522,2.3170656509938317,0.7277938226401515
Arid,Acacia,30.624488120847108,1.3747668900572283,0.49929253560904563
Temperate,Pine,110.74214989542492,2.143565221700216,0.22257723286751496
Tropical,Oak,59.372364127339395,1.1365791817331927,0.5781834069578233
Mountain,Oak,146.77988313858663,1.1034296344851178,0.3234495631594284
Arid,Acacia,168.80496820945095,2.2278002614679475,0.6115159680729384
Arid,Bamboo,119.6070292255072,2.6763250298721064,0.19069334128054138
Temperate,Pine,62.20762050572361,1.7689523641142837,0.6197198271067236
Arid,Neem,108.21173587467625,1.3702448746558176,0.1953193823067333
Mountain,Oak,16.365094248457808,1.081905320129833,0.5679556479793924
Coastal,Mango,196.12313249615048,1.9234496863123358,0.30061737351879303
Coastal,Pine,182.26497555644917,0.7929444609927534,0.47597009187694395
Arid,Neem,103.24431750699576,0.6847326306629582,0.7590029873007691
Arid,Teak,163.32508048933235,1.2286912781454804,0.7788858700036605
Tropical,Oak,194.44417734180203,2.0501732661304803,0.48836121112263275
Arid,Pine,144.0942565485443,2.507167003083886,0.9565287797976737
Mountain,Oak,105.30605259578563,1.315396076622617,0.1979250052949948
Tropical,Acacia,48.74532814793756,2.418437542342586,0.3936773275842872
Mountain,Neem,30.791725150987144,0.8413413688247846,0.6933452839359912
Coastal,Pine,164.27697517615545,2.7470130931393077,0.8659162544840504
Coastal,Mango,67.09193108958874,0.947397010491277,0.9942113651521993
Tropical,Acacia,170.02544896267875,2.6791613076036147,0.9543739108236168
Temperate,Bamboo,131.31820437010668,0.6743926183891689,0.6934570629970913
Arid,Pine,159.720345118411,1.048276938332756,0.41550402893686733
Mountain,Bamboo,38.22057063776063,0.7286654439488844,0.195867190675035
Arid,Pine,54.83017592158143,2.842396649721736,0.4419641983513798
Coastal,Mango,100.02141428234131,2.7145641353819343,0.39573331336074047
Temperate,Bamboo,167.5643952321853,1.3045662740659312,0.5777818475920561
Coastal,Mahogany,193.9675434714269,0.8168073722951026,0.7866305156325804
Coastal,Bamboo,54.108372705537754,1.566469545781271,0.8944493694996722
Arid,Acacia,15.261725889280928,2.927079701712323,0.9725873192768627
Arid,Pine,176.1935482122433,2.0742359910368107,0.26017510086779183
Coastal,Neem,86.9154580015873,2.7835797060255674,0.7405372907138734
Temperate,Acacia,199.118456706292,2.0643816221493454,0.8613574636767424
Arid,Mahogany,26.38678808071041,2.4056009028354994,0.019514130451637413
Arid,Mahogany,70.30939213457333,0.9957194951218941,0.6891076746984118
Mountain,Teak,198.0269138499579,2.2935800125708754,0.48816695029039836
Tropical,Pine,49.10172910598033,1.745403614637759,0.09837615266900224
Tropical,Mango,133.9941278344794,0.9359484664073776,0.12025849665589561
Arid,Teak,63.61211892587871,1.9065751545676313,0.7085024586836408
Coastal,Pine,185.58560425235552,0.6882169987237294,0.5310377804368394
Arid,Mahogany,176.2793680373009,1.3845987229183574,0.5633394240960915
Mountain,Neem,44.730355310422546,2.552885952152296,0.02209625479333399
Arid,Oak,71.90629914774311,2.59638680380055,0.3652941047030994
Temperate,Pine,49.20613225232921,2.1786603520379026,0.03439794636233906
Coastal,Mahogany,95.99551292622733,1.4644837128073944,0.6520605776809968
Arid,Mahogany,133.28096805122692,1.1602132278610813,0.06946590826315635
Mountain,Mango,121.89015387063196,0.8798195258403583,0.6959398563577321
Arid,Pine,28.08188643068216,1.7551876037065788,0.7986294652363829
Tropical,Mango,78.75258824142803,2.8116659602965455,0.13014089411136864
Mountain,Bamboo,134.547464419436,1.927299897374332,0.09695580447325669
Arid,Mango,137.6492464822304,2.7601993183152707,0.0850529660127537
Temperate,Teak,77.50221763219514,1.3452943551883496,0.47779472842418835
Arid,Pine,167.14308276199307,0.8461268404735338,0.3760963769171587
Temperate,Mango,188.51819620510108,2.736632709105131,0.9156258771528568
Arid,Neem,109.6141162250739,2.0637290757253997,0.28805098826578357
Coastal,Mango,178.87063511293982,2.2489622574124977,0.571049309560963
Arid,Teak,60.99674934870708,0.5117644527705296,0.1737192532632611
Mountain,Neem,126.39600357850574,2.585943389486901,0.4941596604313103
Tropical,Mahogany,182.75010858916863,1.5791552616446556,0.11420269766167679
Coastal,Oak,34.43586370042517,2.9284167878718517,0.9825456438592313
Arid,Oak,132.524036078067,2.734472716113155,0.8193662988595972
Coastal,Bamboo,141.3151799564808,1.3536070414471375,0.7864343183748361
Temperate,Bamboo,185.06589778896114,1.2815642979989152,0.8907122911213612
Coastal,Mango,57.3109408119958,1.5023719600892438,0.8727395685662103
Arid,Oak,160.45985687702873,0.7202105984177166,0.6185961438304632
Arid,Acacia,103.68237644352696,0.9677861639172796,0.3051271983739988
Arid,Oak,98.11685564497937,2.459264279546421,0.3063178419210838
Mountain,Pine,25.554863798769265,2.9704905301016047,0.9320338880235094
Temperate,Acacia,150.848757642022,1.515368963111942,0.7889699664332368
Temperate,Neem,46.84353553244597,2.174354154731468,0.06191256150603153
Tropical,Oak,178.6209507903656,2.528179286467945,0.9652593336300104
Tropical,Mahogany,146.49043095610742,1.5978312360558515,0.9819290047950823
Tropical,Mango,108.7397199024254,1.0030648402871827,0.883287885872417
Arid,Acacia,155.14476741670583,2.797001043234342,0.8180402789242983
Arid,Acacia,174.335069104421,1.2301738865888152,0.2862130538655654
Arid,Mahogany,65.48163765007664,0.8072068956554255,0.42347654028394943
Tropical,Oak,14.705601939141518,1.4096926684294504,0.9253988353668808
Tropical,Oak,138.0962018156152,1.1094718423132486,0.5422566395247898
Temperate,Acacia,188.75270512524693,1.8005963415059947,0.6894429827675936
Arid,Teak,15.222692390498462,2.7269173445957517,0.5559851105435564
Temperate,Mango,40.91174113213998,2.751599488383444,0.18694411110196485
Mountain,Mango,97.45400763280678,0.521718500329716,0.09377988051695574
Tropical,Mango,132.1195411569876,0.7178243017909737,0.43372230171455484
Coastal,Mahogany,131.70370620137436,1.2041320656748307,0.44555791438297243
Tropical,Mahogany,152.72595357313358,2.932505099478817,0.013656056620474422
Temperate,Bamboo,93.6361595942066,0.9096213120095643,0.9114805048475699
Arid,Mango,64.22765368454523,1.9210476477469827,0.5940789905866862
Temperate,Acacia,103.09711717706989,1.2959153268698578,0.13495171497447989
Arid,Pine,171.9210376730941,0.5304668388845288,0.5176196910558772
Temperate,Acacia,103.6290178823242,2.4222686405366574,0.01965410558287073
Tropical,Teak,40.77030152189968,2.5225236887995446,0.9463028627070758
Arid,Mahogany,139.99645493793568,2.1684146832720708,0.09053118396462323
Coastal,Mahogany,125.08079519783547,2.7373164768408564,0.11051946567223347
Arid,Bamboo,64.76634752765507,0.6362715866061901,0.35043687211502716
Temperate,Mahogany,132.4370502903882,1.15802418793205,0.5922107986481016
Arid,Neem,44.21542373618614,2.8155866790431596,0.08423993244043593
Temperate,Mango,64.60000047892619,1.644276002515451,0.23920330211472218
Mountain,Bamboo,157.46313487894972,2.3276237070676924,0.5564630180830992
Temperate,Neem,77.8141853940705,1.63615330652427,0.024716372799787667
Tropical,Mango,100.7761421644285,2.6909468866154946,0.6288978020106649
Mountain,Teak,148.59401127523503,2.931241216607073,0.6825047937469121
Coastal,Pine,158.22295915146054,2.154983365719468,0.9086602955026483
Temperate,Oak,67.51624661556268,0.9692809618742078,0.10242182298589908
Tropical,Teak,18.06015261018193,1.556064149097745,0.0662739146473953
Temperate,Oak,95.38901361799071,1.0950895979266637,0.5700872540446351
Coastal,Pine,175.89206202793525,2.357897907421102,0.5701432453093928
Arid,Oak,76.29992191745616,2.7733882737605975,0.20592901699031407
Tropical,Mango,65.18080801655495,1.059976963441773,0.6875912234460867
Arid,Acacia,37.83768525998984,1.1795711367150163,0.1540910766889373
Coastal,Mango,192.57007439866283,1.584615922101376,0.9078144004792199
Mountain,Pine,86.69713727365475,1.2913824857079081,0.3296885859951322
Tropical,Pine,149.68533462797953,1.4593112471818213,0.47638830399682164
Arid,Bamboo,68.89879644512139,2.438059761605183,0.37172890957480575
Coastal,Mango,194.1745921736408,1.4992344057967522,0.6666576531023987
Mountain,Acacia,188.43580504565895,1.5832465864745227,0.556657221479659
Coastal,Mahogany,128.1376652782865,1.2340069324314191,0.4620805748882768
Tropical,Mango,180.2171294542093,2.1743342756597097,0.5125724651000904
Coastal,Neem,194.2287255458955,0.645668869408549,0.9112388592617963
Coastal,Bamboo,131.32860474301253,1.1178516555612545,0.35280037310054413
Tropical,Oak,37.90418486001318,1.9621680836449888,0.38980645937683067
